Workbook
Name AVOID_COST_HI: Inputs!$B$10
Name AVOID_COST_LO: Inputs!$B$9
Name BENCH_DAYS: Inputs!$B$7
Name BENCH_TOTAL: Waitlist!$C$4:$C$11
Name CAP_RATIO: Capacity!$D$4:$D$11
Name CAP_RATIO_STAFF_2024: Capacity!$D$14
Name COND_A_GAP: Conditions!$E$7:$E$8
Name COST_FWD: Conditions!$C$5:$C$8
Name COST_FY: Inputs!$A$61:$A$73
Name COUNTY: Inputs!$A$34:$A$37
Name COVID_FLAG: Waitlist!$U$4:$U$11
Name COVID_YEARS: Inputs!$B$16:$B$17
Name CTY_DAY_SHARE: County!$D$4:$E$7
Name CTY_DAYS: Inputs!$D$34:$E$37
Name CTY_DAYS_PER_PT: County!$B$4:$C$7
Name CTY_PATIENTS: Inputs!$B$34:$C$37
Name DATE_ADJ_2021: Inputs!$B$13
Name DATE_RESET_2024: Inputs!$B$14
Name DAYS_IN_YEAR: Waitlist!$I$4:$I$11
Name DAYS_PER_PT: Waitlist!$B$4:$B$11
Name DEC31_NF: Inputs!$L$22:$L$29
Name DEC31_TOTAL: Inputs!$K$22:$K$29
Name EXCESS_BEDS: Waitlist!$J$4:$J$11
Name EXCESS_COST_HI: Cost!$C$11:$D$11
Name EXCESS_COST_HI_NOW: Cost!$E$11
Name EXCESS_COST_LO: Cost!$C$10:$D$10
Name EXCESS_COST_LO_NOW: Cost!$E$10
Name EXCESS_DAYS: Waitlist!$F$4:$F$11
Name EXCESS_SHARE: Waitlist!$H$4:$H$11
Name FLAG_2017_INCOMPLETE: Waitlist!$B$14
Name GAP_PER_PT: Waitlist!$D$4:$D$11
Name KFF_COST_DAY: Inputs!$B$8
Name LARGEST_REASON: Tests!$B$19:$B$26
Name LTC_UNSTAFFED: Inputs!$M$22:$M$29
Name LTC_UNSTAFFED_STAFF_2024: Inputs!$B$6
Name MB_GROSS: Inputs!$B$78:$B$81
Name MEETS_BENCH: Waitlist!$K$4:$K$11
Name NET_COST_HI: Cost!$C$9:$D$9
Name NET_COST_HI_NOW: Cost!$E$9
Name NET_COST_LO: Cost!$C$8:$D$8
Name NET_COST_LO_NOW: Cost!$E$8
Name NF_COST_ALL: Inputs!$B$61:$B$73
Name NF_COST_MCD_HEAVY: Inputs!$C$61:$C$73
Name NF_RATE_MEDIAN: Inputs!$C$41:$C$57
Name NF_SHARE_DEC31: Cost!$C$12:$D$12
Name RATE_DATE: Inputs!$A$41:$A$57
Name RATE_FWD: Conditions!$D$7:$D$8
Name RATE_GROWTH_2024_2026: Conditions!$B$10
Name REASON_BEHAVIOR: Inputs!$E$22:$E$29
Name REASON_FINANCIAL: Inputs!$G$22:$G$29
Name REASON_GUARDIANSHIP: Inputs!$H$22:$H$29
Name REASON_NO_BED: Inputs!$D$22:$D$29
Name REASON_OTHER: Inputs!$J$22:$J$29
Name REASON_PASARR: Inputs!$I$22:$I$29
Name REASON_SPECIAL_CARE: Inputs!$F$22:$F$29
Name REASON_SUM: Waitlist!$L$4:$L$11
Name SHARE_BEHAVIOR: Waitlist!$N$4:$N$11
Name SHARE_FINANCIAL: Waitlist!$P$4:$P$11
Name SHARE_GUARDIANSHIP: Waitlist!$Q$4:$Q$11
Name SHARE_NO_BED: Waitlist!$M$4:$M$11

Sheet Inputs
A1: Inputs: every manual input (yellow). Values are drafts until verified against the source.
A2: Input rows with a verification date | B2: =COUNT(R6:R17,R22:R29,R34:R37,R41:R57,R61:R73,R78:R81) -> 57 | C2: ="of "&(ROWS(R6:R17)+ROWS(R22:R29)+ROWS(R34:R37)+ROWS(R41:R57)+ROWS(R61:R73)+ROWS(R78:R81)) -> of 58
A4: Scalar inputs
A5: Name | B5: Value | C5: Unit | D5: Source | P5: Source page | Q5: Verified by | R5: Date verified
A6: LTC_UNSTAFFED_STAFF_2024 | B6: 353 | C6: beds, Dec 31, 2024 | D6: SHPDA Table 16 (2024), reason text naming staffing (Okutsu Veterans Home's 21 "staff to census" excluded) | P6: SHPDA 2024 Table 16, pp. 80-82 (staffing rows, Kula counted) | Q6: MK | R6: 46294
A7: BENCH_DAYS | B7: 14 | C7: days per patient (average) | D7: My benchmark; reference: Scotland's 2-week maximum (NHS Borders, 2015) | P7: Brief (main) lines 19, 81 | Q7: MK | R7: 46294
A8: KFF_COST_DAY | B8: 3664 | C8: USD per adjusted inpatient day, 2023 | D8: KFF (AHA Annual Survey), Hawaii nonprofit hospitals ($3,663.56) | P8: KFF indicator, 2023 timeframe, Hawaii, Non-Profit ($3,663.56) | Q8: MK | R8: 46294
A9: AVOID_COST_LO | B9: 550 | C9: USD per waitlisted day | D9: About 15% of KFF_COST_DAY, rounded (brief) | P9: Brief line 51 (15% and 40% of $3,663.56, to nearest $10) | Q9: MK | R9: 46294
A10: AVOID_COST_HI | B10: 1470 | C10: USD per waitlisted day | D10: About 40% of KFF_COST_DAY, rounded (brief; unrounded 1,466) | P10: Brief line 51 (15% and 40% of $3,663.56, to nearest $10) | Q10: MK | R10: 46294
A11: WL_RATE_2026 | B11: 486.76 | C11: USD per waitlisted day | D11: Med-QUEST QI-2532 (Jan 2026), the current case | P11: QI-2532 p. 2, Attachment A | Q11: MK | R11: 46294
A12: WL_RATE_LEAHI_2026 | B12: 480.19 | C12: USD per waitlisted day | D12: QI-2532; reported as a note, not used in a calculation | P12: QI-2532 p. 2, Leahi row | Q12: MK | R12: 46294
A13: DATE_ADJ_2021 | B13: 44209 | C13: date | D13: SPA HI-23-0014, Attachment 4.19-D p. 38: 12% adjustment for private homes (first seen in the January 2021 memo, QI-2041) | P13: SPA HI-23-0014, Att. 4.19-D p. 38 (PDF p. 5) | Q13: MK | R13: 46294
A14: DATE_RESET_2024 | B14: 45292 | C14: date | D14: SPA HI-23-0014; QI-2342 | P14: SPA Att. 4.19-D p. 38; QI-2342 p. 2 | Q14: MK | R14: 46294
A15: T1_MIN_DROP_PTS | B15: 5 | C15: percentage points | D15: Brief, test 1 | P15: Brief line 72 | Q15: MK | R15: 46294
A16: COVID_YEARS | B16: 2020 | C16: years | D16: Brief | P16: Brief line 79 | Q16: MK | R16: 46294
A17: (COVID_YEARS, 2nd) | B17: 2021 | P17: Brief line 79 | Q17: MK | R17: 46294
A19: Year table (SHPDA Table 18 statewide; Table 16 statewide; Med-QUEST waitlisted rates)
A20: Year | B20: WL_PATIENTS | C20: WL_DAYS | D20: REASON_NO_BED | E20: REASON_BEHAVIOR | F20: REASON_SPECIAL_CARE | G20: REASON_FINANCIAL | H20: REASON_GUARDIANSHIP | I20: REASON_PASARR | J20: REASON_OTHER | K20: DEC31_TOTAL | L20: DEC31_NF | M20: LTC_UNSTAFFED | N20: WL_RATE_JAN | O20: WL_RATE_JUL | P20: Source page | Q20: Verified by | R20: Date verified
A21: Source | B21: T18 total | C21: T18 total | D21: T18 reason F | E21: T18 reason G | F21: T18 reason H | G21: T18 reason I | H21: T18 reason J | I21: T18 reason K | J21: T18 reason L | K21: T18 by level of care | L21: T18 type A | M21: T16 statewide | N21: QI-2225, QI-2342 | O21: QI-2326, QI-2413
A22: 2017 | B22: 6187 | C22: 61470 | D22: 39 | E22: 16 | F22: 23 | G22: 18 | H22: 11 | I22: 2 | J22: 11 | K22: 157 | M22: 128 | P22: T18 2017 p. 72; T16 2017 p. 69 | Q22: MK | R22: 46294
A23: 2018 | B23: 5294 | C23: 66091 | D23: 57 | E23: 29 | F23: 17 | G23: 31 | H23: 18 | I23: 2 | J23: 17 | K23: 171 | M23: 160 | P23: T18 2018 p. 82; T16 p. 79 | Q23: MK | R23: 46294
A24: 2019 | B24: 4790 | C24: 78911 | D24: 72 | E24: 27 | F24: 21 | G24: 32 | H24: 26 | I24: 0 | J24: 6 | K24: 184 | M24: 248 | P24: T18 2019 p. 82; T16 p. 79 | Q24: MK | R24: 46294
A25: 2020 | B25: 4553 | C25: 57297 | D25: 41 | E25: 24 | F25: 22 | G25: 30 | H25: 15 | I25: 0 | J25: 12 | K25: 144 | M25: 462 | P25: T18 2020 p. 85; T16 p. 81 | Q25: MK | R25: 46294
A26: 2021 | B26: 4927 | C26: 60050 | D26: 50 | E26: 36 | F26: 22 | G26: 43 | H26: 20 | I26: 0 | J26: 18 | K26: 189 | M26: 614 | P26: T18 2021 p. 87; T16 p. 83 | Q26: MK | R26: 46294
A27: 2022 | B27: 3681 | C27: 78561 | D27: 57 | E27: 35 | F27: 39 | G27: 75 | H27: 29 | I27: 5 | J27: 10 | K27: 250 | M27: 661 | P27: T18 2022 p. 86; T16 p. 82 | Q27: MK | R27: 46294
A28: 2023 | B28: 3610 | C28: 83097 | D28: 42 | E28: 48 | F28: 26 | G28: 45 | H28: 28 | I28: 1 | J28: 1 | K28: 191 | L28: 157 | M28: 510 | N28: 283.6 | O28: 302.89 | P28: T18 2023 p. 86; T16 p. 82; QI-2225 p. 2; QI-2326 p. 2 | Q28: MK | R28: 46294
A29: 2024 | B29: 3123 | C29: 60876 | D29: 31 | E29: 29 | F29: 18 | G29: 60 | H29: 31 | I29: 0 | J29: 4 | K29: 173 | L29: 120 | M29: 548 | N29: 464.97 | O29: 455.59 | P29: T18 2024 p. 86; T16 p. 82; QI-2342 p. 2; QI-2413 p. 2 | Q29: MK | R29: 46294
A30: Reason columns F to L; 2017 reasons sum to 120 against 157 by level of care (Maui Memorial records reasons for 6 of 47 patients; Queen's Punchbowl's reasons sum to 43 against 39). DEC31_NF and the waitlisted rates exist for 2023 and 2024 only (blank, not inputs, in other years).
A32: County table (Table 18 hospital rows summed by county, shpda-table18-by-hospital-2023-2024.csv)
A33: COUNTY | B33: CTY_PATIENTS 2023 | C33: CTY_PATIENTS 2024 | D33: CTY_DAYS 2023 | E33: CTY_DAYS 2024 | P33: Source page | Q33: Verified by | R33: Date verified
A34: Hawaii | B34: 869 | C34: 727 | D34: 23212 | E34: 20174 | P34: T18 2023 and 2024, pp. 85-86 (hospital rows summed; county totals) | Q34: MK | R34: 46294
A35: Honolulu | B35: 2255 | C35: 1979 | D35: 40327 | E35: 27380 | P35: T18 2023 and 2024, pp. 85-86 (hospital rows summed; county totals) | Q35: MK | R35: 46294
A36: Kauai | B36: 86 | C36: 64 | D36: 1720 | E36: 1927 | P36: T18 2023 and 2024, pp. 85-86 (hospital rows summed; county totals) | Q36: MK | R36: 46294
A37: Maui | B37: 400 | C37: 353 | D37: 17838 | E37: 11395 | P37: T18 2023 and 2024, pp. 85-86 (hospital rows summed; county totals) | Q37: MK | R37: 46294
A39: Median nursing-facility rate by memo (Med-QUEST memos, hi-medicaid-rate-series-2016-2026.csv)
A40: RATE_DATE (effective month) | B40: Memo | C40: NF_RATE_MEDIAN | P40: Source page | Q40: Verified by | R40: Date verified
A41: 42370 | B41: QI-1521 | C41: 246.97 | P41: QI-1521 p. 2 | Q41: MK | R41: 46294
A42: 42552 | B42: QI-1607 | C42: 252.4 | P42: QI-1607 p. 5 | Q42: MK | R42: 46294
A43: 42736 | B43: QI-1622 | C43: 251.93 | P43: QI-1622 p. 2 | Q43: MK | R43: 46294
A44: 42917 | B44: QI-1710 | C44: 261.45 | P44: QI-1710 p. 8 | Q44: MK | R44: 46294
A45: 43282 | B45: QI-1809 | C45: 270.66 | P45: QI-1809 p. 9 | Q45: MK | R45: 46294
A46: 43466 | B46: QI-1820 | C46: 270.15 | P46: QI-1820 p. 5 | Q46: MK | R46: 46294
A47: 43647 | B47: QI-1911B | D47: Left blank: QI-1911B, the controlling July 2019 memo, lists but omits its acuity rate table | P47: Blank by decision: QI-1911B omits Att. H | Q47: MK
A48: 44013 | B48: QI-2022 | C48: 282.98 | P48: QI-2022 p. 11 | Q48: MK | R48: 46294
A49: 44378 | B49: QI-2113B | C49: 334.75 | P49: QI-2113B p. 11 | Q49: MK | R49: 46294
A50: 44562 | B50: QI-2166 | C50: 332.59 | P50: QI-2166 p. 7 | Q50: MK | R50: 46294
A51: 44927 | B51: QI-2225 | C51: 355.11 | P51: QI-2225 p. 3 | Q51: MK | R51: 46294
A52: 45108 | B52: QI-2326 | C52: 371.99 | P52: QI-2326 p. 3 | Q52: MK | R52: 46294
A53: 45292 | B53: QI-2342 | C53: 481.83 | P53: QI-2342 p. 3 | Q53: MK | R53: 46294
A54: 45474 | B54: QI-2413 | C54: 482.2 | P54: QI-2413 p. 3 | Q54: MK | R54: 46294
A55: 45658 | B55: QI-2427 | C55: 509.69 | P55: QI-2427 p. 3 | Q55: MK | R55: 46294
A56: 45839 | B56: QI-2515 | C56: 506.65 | P56: QI-2515 p. 3 | Q56: MK | R56: 46294
A57: 46023 | B57: QI-2532 | C57: 495.26 | P57: QI-2532 p. 3 (median 495.255, rounded half up) | Q57: MK | R57: 46294
A59: Median nursing-home cost per patient day (CMS SNF cost reports, hi-snf-cost-per-day-series-2011-2023.csv)
A60: COST_FY | B60: NF_COST_ALL | C60: NF_COST_MCD_HEAVY | P60: Source page | Q60: Verified by | R60: Date verified
A61: 2011 | B61: 295.13 | C61: 287.76 | P61: CMS SNF cost report FY20xx (data.cms.gov), Worksheet A; median re-derived | Q61: MK | R61: 46294
A62: 2012 | B62: 314.68 | C62: 311.89 | P62: CMS SNF cost report FY20xx (data.cms.gov), Worksheet A; median re-derived | Q62: MK | R62: 46294
A63: 2013 | B63: 342.42 | C63: 322.2 | P63: CMS SNF cost report FY20xx (data.cms.gov), Worksheet A; median re-derived | Q63: MK | R63: 46294
A64: 2014 | B64: 344.19 | C64: 322.2 | P64: CMS SNF cost report FY20xx (data.cms.gov), Worksheet A; median re-derived | Q64: MK | R64: 46294
A65: 2015 | B65: 340.9 | C65: 322.1 | P65: CMS SNF cost report FY20xx (data.cms.gov), Worksheet A; median re-derived | Q65: MK | R65: 46294
A66: 2016 | B66: 358.8 | C66: 344.38 | P66: CMS SNF cost report FY20xx (data.cms.gov), Worksheet A; median re-derived | Q66: MK | R66: 46294
A67: 2017 | B67: 376.01 | C67: 356.1 | P67: CMS SNF cost report FY20xx (data.cms.gov), Worksheet A; median re-derived | Q67: MK | R67: 46294
A68: 2018 | B68: 380.99 | C68: 365.93 | P68: CMS SNF cost report FY20xx (data.cms.gov), Worksheet A; median re-derived | Q68: MK | R68: 46294
A69: 2019 | B69: 379.87 | C69: 373.25 | P69: CMS SNF cost report FY20xx (data.cms.gov), Worksheet A; median re-derived | Q69: MK | R69: 46294
A70: 2020 | B70: 428.4 | C70: 398.33 | P70: CMS SNF cost report FY20xx (data.cms.gov), Worksheet A; median re-derived | Q70: MK | R70: 46294
A71: 2021 | B71: 450.4 | C71: 423.44 | P71: CMS SNF cost report FY20xx (data.cms.gov), Worksheet A; median re-derived | Q71: MK | R71: 46294
A72: 2022 | B72: 459.47 | C72: 435.63 | P72: CMS SNF cost report FY20xx (data.cms.gov), Worksheet A; median re-derived | Q72: MK | R72: 46294
A73: 2023 | B73: 519.16 | C73: 461.79 | P73: CMS SNF cost report FY20xx (data.cms.gov), Worksheet A; median re-derived | Q73: MK | R73: 46294
A74: Medicaid-heavy = Medicaid (Title XIX) days at least 50% of total days, excluding complex-care Kulana Malama (CCN 125057) and Islands Skilled Nursing and Rehab (CCN 125067). All facilities = every Hawaii facility in the file. Medians on unrounded values, half up to the cent.
A76: Market basket for condition (a) (CMS SNF PPS final rules, FY2024 to FY2027)
A77: Fiscal year | B77: MB_GROSS | C77: Source | P77: Source page | Q77: Verified by | R77: Date verified
A78: 2024 | B78: 0.03 | C78: CMS SNF PPS final rule FY2024: market basket before the forecast-error and productivity adjustments | P78: CMS-1779-F fact sheet (FY2024) | Q78: MK | R78: 46294
A79: 2025 | B79: 0.03 | C79: CMS SNF PPS final rule FY2025: market basket before the forecast-error and productivity adjustments | P79: CMS-1802-F fact sheet (FY2025) | Q79: MK | R79: 46294
A80: 2026 | B80: 0.033 | C80: CMS SNF PPS final rule FY2026: market basket before the forecast-error and productivity adjustments | P80: CMS-1827-F fact sheet (FY2026) | Q80: MK | R80: 46294
A81: 2027 | B81: 0.033 | C81: CMS SNF PPS final rule FY2027: market basket before the forecast-error and productivity adjustments | P81: CMS-1843-F fact sheet (FY2027) | Q81: MK | R81: 46294
A82: CMS SNF PPS final rule fact sheets, FY2024 to FY2027. A national Medicare index standing in for Hawaii nursing-home cost growth.

Sheet Waitlist
A1: Waitlist: days per patient against the benchmark, excess days, beds and reason shares, 2017 to 2024
A3: Year | B3: Days per patient | C3: Benchmark days (patients x 14) | D3: Signed gap per patient (days) | E3: Waitlist days | F3: Excess days (floored at 0) | G3: Days within the benchmark | H3: Excess share of days | I3: Days in year | J3: Excess beds (average day) | K3: Meets benchmark | L3: Reasons total (F to L) | M3: Share: No bed | N3: Share: Behavior | O3: Share: Special care | P3: Share: Financial | Q3: Share: Guardianship | R3: Share: PASARR | S3: Share: Other | T3: Unstaffed LTC beds, Dec 31 | U3: COVID flag
A4: =INDEX(YEAR,1) -> 2017 | B4: =INDEX(WL_DAYS,1)/INDEX(WL_PATIENTS,1) -> 9.9353483 | C4: =INDEX(WL_PATIENTS,1)*BENCH_DAYS -> 86618 | D4: =INDEX(DAYS_PER_PT,1)-BENCH_DAYS -> -4.0646517 | E4: =INDEX(WL_DAYS,1) -> 61470 | F4: =MAX(0,INDEX(WL_DAYS,1)-INDEX(BENCH_TOTAL,1)) -> 0 | G4: =INDEX(WL_DAYS,1)-INDEX(EXCESS_DAYS,1) -> 61470 | H4: =INDEX(EXCESS_DAYS,1)/INDEX(WL_DAYS,1) -> 0 | I4: =DATE(INDEX(YEAR,1)+1,1,1)-DATE(INDEX(YEAR,1),1,1) -> 365 | J4: =INDEX(EXCESS_DAYS,1)/INDEX(DAYS_IN_YEAR,1) -> 0 | K4: =INDEX(DAYS_PER_PT,1)<=BENCH_DAYS -> TRUE | L4: =INDEX(REASON_NO_BED,1)+INDEX(REASON_BEHAVIOR,1)+INDEX(REASON_SPECIAL_CARE,1)+INDEX(REASON_FINANCIAL,1)+INDEX(REASON_GUARDIANSHIP,1)+INDEX(REASON_PASARR,1)+INDEX(REASON_OTHER,1) -> 120 | M4: =INDEX(REASON_NO_BED,1)/INDEX(REASON_SUM,1) -> 0.325 | N4: =INDEX(REASON_BEHAVIOR,1)/INDEX(REASON_SUM,1) -> 0.13333333 | O4: =INDEX(REASON_SPECIAL_CARE,1)/INDEX(REASON_SUM,1) -> 0.19166667 | P4: =INDEX(REASON_FINANCIAL,1)/INDEX(REASON_SUM,1) -> 0.15 | Q4: =INDEX(REASON_GUARDIANSHIP,1)/INDEX(REASON_SUM,1) -> 0.091666667 | R4: =INDEX(REASON_PASARR,1)/INDEX(REASON_SUM,1) -> 0.016666667 | S4: =INDEX(REASON_OTHER,1)/INDEX(REASON_SUM,1) -> 0.091666667 | T4: =INDEX(LTC_UNSTAFFED,1) -> 128 | U4: =COUNTIF(COVID_YEARS,INDEX(YEAR,1))>0 -> FALSE
A5: =INDEX(YEAR,2) -> 2018 | B5: =INDEX(WL_DAYS,2)/INDEX(WL_PATIENTS,2) -> 12.484133 | C5: =INDEX(WL_PATIENTS,2)*BENCH_DAYS -> 74116 | D5: =INDEX(DAYS_PER_PT,2)-BENCH_DAYS -> -1.515867 | E5: =INDEX(WL_DAYS,2) -> 66091 | F5: =MAX(0,INDEX(WL_DAYS,2)-INDEX(BENCH_TOTAL,2)) -> 0 | G5: =INDEX(WL_DAYS,2)-INDEX(EXCESS_DAYS,2) -> 66091 | H5: =INDEX(EXCESS_DAYS,2)/INDEX(WL_DAYS,2) -> 0 | I5: =DATE(INDEX(YEAR,2)+1,1,1)-DATE(INDEX(YEAR,2),1,1) -> 365 | J5: =INDEX(EXCESS_DAYS,2)/INDEX(DAYS_IN_YEAR,2) -> 0 | K5: =INDEX(DAYS_PER_PT,2)<=BENCH_DAYS -> TRUE | L5: =INDEX(REASON_NO_BED,2)+INDEX(REASON_BEHAVIOR,2)+INDEX(REASON_SPECIAL_CARE,2)+INDEX(REASON_FINANCIAL,2)+INDEX(REASON_GUARDIANSHIP,2)+INDEX(REASON_PASARR,2)+INDEX(REASON_OTHER,2) -> 171 | M5: =INDEX(REASON_NO_BED,2)/INDEX(REASON_SUM,2) -> 0.33333333 | N5: =INDEX(REASON_BEHAVIOR,2)/INDEX(REASON_SUM,2) -> 0.16959064 | O5: =INDEX(REASON_SPECIAL_CARE,2)/INDEX(REASON_SUM,2) -> 0.099415205 | P5: =INDEX(REASON_FINANCIAL,2)/INDEX(REASON_SUM,2) -> 0.18128655 | Q5: =INDEX(REASON_GUARDIANSHIP,2)/INDEX(REASON_SUM,2) -> 0.10526316 | R5: =INDEX(REASON_PASARR,2)/INDEX(REASON_SUM,2) -> 0.011695906 | S5: =INDEX(REASON_OTHER,2)/INDEX(REASON_SUM,2) -> 0.099415205 | T5: =INDEX(LTC_UNSTAFFED,2) -> 160 | U5: =COUNTIF(COVID_YEARS,INDEX(YEAR,2))>0 -> FALSE
A6: =INDEX(YEAR,3) -> 2019 | B6: =INDEX(WL_DAYS,3)/INDEX(WL_PATIENTS,3) -> 16.474113 | C6: =INDEX(WL_PATIENTS,3)*BENCH_DAYS -> 67060 | D6: =INDEX(DAYS_PER_PT,3)-BENCH_DAYS -> 2.4741127 | E6: =INDEX(WL_DAYS,3) -> 78911 | F6: =MAX(0,INDEX(WL_DAYS,3)-INDEX(BENCH_TOTAL,3)) -> 11851 | G6: =INDEX(WL_DAYS,3)-INDEX(EXCESS_DAYS,3) -> 67060 | H6: =INDEX(EXCESS_DAYS,3)/INDEX(WL_DAYS,3) -> 0.15018185 | I6: =DATE(INDEX(YEAR,3)+1,1,1)-DATE(INDEX(YEAR,3),1,1) -> 365 | J6: =INDEX(EXCESS_DAYS,3)/INDEX(DAYS_IN_YEAR,3) -> 32.468493 | K6: =INDEX(DAYS_PER_PT,3)<=BENCH_DAYS -> FALSE | L6: =INDEX(REASON_NO_BED,3)+INDEX(REASON_BEHAVIOR,3)+INDEX(REASON_SPECIAL_CARE,3)+INDEX(REASON_FINANCIAL,3)+INDEX(REASON_GUARDIANSHIP,3)+INDEX(REASON_PASARR,3)+INDEX(REASON_OTHER,3) -> 184 | M6: =INDEX(REASON_NO_BED,3)/INDEX(REASON_SUM,3) -> 0.39130435 | N6: =INDEX(REASON_BEHAVIOR,3)/INDEX(REASON_SUM,3) -> 0.14673913 | O6: =INDEX(REASON_SPECIAL_CARE,3)/INDEX(REASON_SUM,3) -> 0.11413043 | P6: =INDEX(REASON_FINANCIAL,3)/INDEX(REASON_SUM,3) -> 0.17391304 | Q6: =INDEX(REASON_GUARDIANSHIP,3)/INDEX(REASON_SUM,3) -> 0.14130435 | R6: =INDEX(REASON_PASARR,3)/INDEX(REASON_SUM,3) -> 0 | S6: =INDEX(REASON_OTHER,3)/INDEX(REASON_SUM,3) -> 0.032608696 | T6: =INDEX(LTC_UNSTAFFED,3) -> 248 | U6: =COUNTIF(COVID_YEARS,INDEX(YEAR,3))>0 -> FALSE
A7: =INDEX(YEAR,4) -> 2020 | B7: =INDEX(WL_DAYS,4)/INDEX(WL_PATIENTS,4) -> 12.58445 | C7: =INDEX(WL_PATIENTS,4)*BENCH_DAYS -> 63742 | D7: =INDEX(DAYS_PER_PT,4)-BENCH_DAYS -> -1.4155502 | E7: =INDEX(WL_DAYS,4) -> 57297 | F7: =MAX(0,INDEX(WL_DAYS,4)-INDEX(BENCH_TOTAL,4)) -> 0 | G7: =INDEX(WL_DAYS,4)-INDEX(EXCESS_DAYS,4) -> 57297 | H7: =INDEX(EXCESS_DAYS,4)/INDEX(WL_DAYS,4) -> 0 | I7: =DATE(INDEX(YEAR,4)+1,1,1)-DATE(INDEX(YEAR,4),1,1) -> 366 | J7: =INDEX(EXCESS_DAYS,4)/INDEX(DAYS_IN_YEAR,4) -> 0 | K7: =INDEX(DAYS_PER_PT,4)<=BENCH_DAYS -> TRUE | L7: =INDEX(REASON_NO_BED,4)+INDEX(REASON_BEHAVIOR,4)+INDEX(REASON_SPECIAL_CARE,4)+INDEX(REASON_FINANCIAL,4)+INDEX(REASON_GUARDIANSHIP,4)+INDEX(REASON_PASARR,4)+INDEX(REASON_OTHER,4) -> 144 | M7: =INDEX(REASON_NO_BED,4)/INDEX(REASON_SUM,4) -> 0.28472222 | N7: =INDEX(REASON_BEHAVIOR,4)/INDEX(REASON_SUM,4) -> 0.16666667 | O7: =INDEX(REASON_SPECIAL_CARE,4)/INDEX(REASON_SUM,4) -> 0.15277778 | P7: =INDEX(REASON_FINANCIAL,4)/INDEX(REASON_SUM,4) -> 0.20833333 | Q7: =INDEX(REASON_GUARDIANSHIP,4)/INDEX(REASON_SUM,4) -> 0.10416667 | R7: =INDEX(REASON_PASARR,4)/INDEX(REASON_SUM,4) -> 0 | S7: =INDEX(REASON_OTHER,4)/INDEX(REASON_SUM,4) -> 0.083333333 | T7: =INDEX(LTC_UNSTAFFED,4) -> 462 | U7: =COUNTIF(COVID_YEARS,INDEX(YEAR,4))>0 -> TRUE
A8: =INDEX(YEAR,5) -> 2021 | B8: =INDEX(WL_DAYS,5)/INDEX(WL_PATIENTS,5) -> 12.187944 | C8: =INDEX(WL_PATIENTS,5)*BENCH_DAYS -> 68978 | D8: =INDEX(DAYS_PER_PT,5)-BENCH_DAYS -> -1.812056 | E8: =INDEX(WL_DAYS,5) -> 60050 | F8: =MAX(0,INDEX(WL_DAYS,5)-INDEX(BENCH_TOTAL,5)) -> 0 | G8: =INDEX(WL_DAYS,5)-INDEX(EXCESS_DAYS,5) -> 60050 | H8: =INDEX(EXCESS_DAYS,5)/INDEX(WL_DAYS,5) -> 0 | I8: =DATE(INDEX(YEAR,5)+1,1,1)-DATE(INDEX(YEAR,5),1,1) -> 365 | J8: =INDEX(EXCESS_DAYS,5)/INDEX(DAYS_IN_YEAR,5) -> 0 | K8: =INDEX(DAYS_PER_PT,5)<=BENCH_DAYS -> TRUE | L8: =INDEX(REASON_NO_BED,5)+INDEX(REASON_BEHAVIOR,5)+INDEX(REASON_SPECIAL_CARE,5)+INDEX(REASON_FINANCIAL,5)+INDEX(REASON_GUARDIANSHIP,5)+INDEX(REASON_PASARR,5)+INDEX(REASON_OTHER,5) -> 189 | M8: =INDEX(REASON_NO_BED,5)/INDEX(REASON_SUM,5) -> 0.26455026 | N8: =INDEX(REASON_BEHAVIOR,5)/INDEX(REASON_SUM,5) -> 0.19047619 | O8: =INDEX(REASON_SPECIAL_CARE,5)/INDEX(REASON_SUM,5) -> 0.11640212 | P8: =INDEX(REASON_FINANCIAL,5)/INDEX(REASON_SUM,5) -> 0.22751323 | Q8: =INDEX(REASON_GUARDIANSHIP,5)/INDEX(REASON_SUM,5) -> 0.10582011 | R8: =INDEX(REASON_PASARR,5)/INDEX(REASON_SUM,5) -> 0 | S8: =INDEX(REASON_OTHER,5)/INDEX(REASON_SUM,5) -> 0.095238095 | T8: =INDEX(LTC_UNSTAFFED,5) -> 614 | U8: =COUNTIF(COVID_YEARS,INDEX(YEAR,5))>0 -> TRUE
A9: =INDEX(YEAR,6) -> 2022 | B9: =INDEX(WL_DAYS,6)/INDEX(WL_PATIENTS,6) -> 21.342298 | C9: =INDEX(WL_PATIENTS,6)*BENCH_DAYS -> 51534 | D9: =INDEX(DAYS_PER_PT,6)-BENCH_DAYS -> 7.3422983 | E9: =INDEX(WL_DAYS,6) -> 78561 | F9: =MAX(0,INDEX(WL_DAYS,6)-INDEX(BENCH_TOTAL,6)) -> 27027 | G9: =INDEX(WL_DAYS,6)-INDEX(EXCESS_DAYS,6) -> 51534 | H9: =INDEX(EXCESS_DAYS,6)/INDEX(WL_DAYS,6) -> 0.34402566 | I9: =DATE(INDEX(YEAR,6)+1,1,1)-DATE(INDEX(YEAR,6),1,1) -> 365 | J9: =INDEX(EXCESS_DAYS,6)/INDEX(DAYS_IN_YEAR,6) -> 74.046575 | K9: =INDEX(DAYS_PER_PT,6)<=BENCH_DAYS -> FALSE | L9: =INDEX(REASON_NO_BED,6)+INDEX(REASON_BEHAVIOR,6)+INDEX(REASON_SPECIAL_CARE,6)+INDEX(REASON_FINANCIAL,6)+INDEX(REASON_GUARDIANSHIP,6)+INDEX(REASON_PASARR,6)+INDEX(REASON_OTHER,6) -> 250 | M9: =INDEX(REASON_NO_BED,6)/INDEX(REASON_SUM,6) -> 0.228 | N9: =INDEX(REASON_BEHAVIOR,6)/INDEX(REASON_SUM,6) -> 0.14 | O9: =INDEX(REASON_SPECIAL_CARE,6)/INDEX(REASON_SUM,6) -> 0.156 | P9: =INDEX(REASON_FINANCIAL,6)/INDEX(REASON_SUM,6) -> 0.3 | Q9: =INDEX(REASON_GUARDIANSHIP,6)/INDEX(REASON_SUM,6) -> 0.116 | R9: =INDEX(REASON_PASARR,6)/INDEX(REASON_SUM,6) -> 0.02 | S9: =INDEX(REASON_OTHER,6)/INDEX(REASON_SUM,6) -> 0.04 | T9: =INDEX(LTC_UNSTAFFED,6) -> 661 | U9: =COUNTIF(COVID_YEARS,INDEX(YEAR,6))>0 -> FALSE
A10: =INDEX(YEAR,7) -> 2023 | B10: =INDEX(WL_DAYS,7)/INDEX(WL_PATIENTS,7) -> 23.01856 | C10: =INDEX(WL_PATIENTS,7)*BENCH_DAYS -> 50540 | D10: =INDEX(DAYS_PER_PT,7)-BENCH_DAYS -> 9.0185596 | E10: =INDEX(WL_DAYS,7) -> 83097 | F10: =MAX(0,INDEX(WL_DAYS,7)-INDEX(BENCH_TOTAL,7)) -> 32557 | G10: =INDEX(WL_DAYS,7)-INDEX(EXCESS_DAYS,7) -> 50540 | H10: =INDEX(EXCESS_DAYS,7)/INDEX(WL_DAYS,7) -> 0.39179513 | I10: =DATE(INDEX(YEAR,7)+1,1,1)-DATE(INDEX(YEAR,7),1,1) -> 365 | J10: =INDEX(EXCESS_DAYS,7)/INDEX(DAYS_IN_YEAR,7) -> 89.19726 | K10: =INDEX(DAYS_PER_PT,7)<=BENCH_DAYS -> FALSE | L10: =INDEX(REASON_NO_BED,7)+INDEX(REASON_BEHAVIOR,7)+INDEX(REASON_SPECIAL_CARE,7)+INDEX(REASON_FINANCIAL,7)+INDEX(REASON_GUARDIANSHIP,7)+INDEX(REASON_PASARR,7)+INDEX(REASON_OTHER,7) -> 191 | M10: =INDEX(REASON_NO_BED,7)/INDEX(REASON_SUM,7) -> 0.21989529 | N10: =INDEX(REASON_BEHAVIOR,7)/INDEX(REASON_SUM,7) -> 0.2513089 | O10: =INDEX(REASON_SPECIAL_CARE,7)/INDEX(REASON_SUM,7) -> 0.13612565 | P10: =INDEX(REASON_FINANCIAL,7)/INDEX(REASON_SUM,7) -> 0.23560209 | Q10: =INDEX(REASON_GUARDIANSHIP,7)/INDEX(REASON_SUM,7) -> 0.14659686 | R10: =INDEX(REASON_PASARR,7)/INDEX(REASON_SUM,7) -> 0.0052356021 | S10: =INDEX(REASON_OTHER,7)/INDEX(REASON_SUM,7) -> 0.0052356021 | T10: =INDEX(LTC_UNSTAFFED,7) -> 510 | U10: =COUNTIF(COVID_YEARS,INDEX(YEAR,7))>0 -> FALSE
A11: =INDEX(YEAR,8) -> 2024 | B11: =INDEX(WL_DAYS,8)/INDEX(WL_PATIENTS,8) -> 19.492795 | C11: =INDEX(WL_PATIENTS,8)*BENCH_DAYS -> 43722 | D11: =INDEX(DAYS_PER_PT,8)-BENCH_DAYS -> 5.4927954 | E11: =INDEX(WL_DAYS,8) -> 60876 | F11: =MAX(0,INDEX(WL_DAYS,8)-INDEX(BENCH_TOTAL,8)) -> 17154 | G11: =INDEX(WL_DAYS,8)-INDEX(EXCESS_DAYS,8) -> 43722 | H11: =INDEX(EXCESS_DAYS,8)/INDEX(WL_DAYS,8) -> 0.28178593 | I11: =DATE(INDEX(YEAR,8)+1,1,1)-DATE(INDEX(YEAR,8),1,1) -> 366 | J11: =INDEX(EXCESS_DAYS,8)/INDEX(DAYS_IN_YEAR,8) -> 46.868852 | K11: =INDEX(DAYS_PER_PT,8)<=BENCH_DAYS -> FALSE | L11: =INDEX(REASON_NO_BED,8)+INDEX(REASON_BEHAVIOR,8)+INDEX(REASON_SPECIAL_CARE,8)+INDEX(REASON_FINANCIAL,8)+INDEX(REASON_GUARDIANSHIP,8)+INDEX(REASON_PASARR,8)+INDEX(REASON_OTHER,8) -> 173 | M11: =INDEX(REASON_NO_BED,8)/INDEX(REASON_SUM,8) -> 0.17919075 | N11: =INDEX(REASON_BEHAVIOR,8)/INDEX(REASON_SUM,8) -> 0.16763006 | O11: =INDEX(REASON_SPECIAL_CARE,8)/INDEX(REASON_SUM,8) -> 0.10404624 | P11: =INDEX(REASON_FINANCIAL,8)/INDEX(REASON_SUM,8) -> 0.34682081 | Q11: =INDEX(REASON_GUARDIANSHIP,8)/INDEX(REASON_SUM,8) -> 0.17919075 | R11: =INDEX(REASON_PASARR,8)/INDEX(REASON_SUM,8) -> 0 | S11: =INDEX(REASON_OTHER,8)/INDEX(REASON_SUM,8) -> 0.023121387 | T11: =INDEX(LTC_UNSTAFFED,8) -> 548 | U11: =COUNTIF(COVID_YEARS,INDEX(YEAR,8))>0 -> FALSE
A13: Flags and notes
A14: FLAG_2017_INCOMPLETE | B14: =INDEX(REASON_SUM,1)<INDEX(DEC31_TOTAL,1) -> TRUE | C14: 2017 reasons recorded for 120 of 157 patients on Dec 31; its shares use the recorded reasons only.
A15: Unstaffed LTC beds, 2024 | B15: =INDEX(LTC_UNSTAFFED,8) -> 548 | C15: Staffing note (reported only)
A16: of which, for lack of staff | B16: =LTC_UNSTAFFED_STAFF_2024 -> 353
A17: Excess days are measured against the average benchmark and are a lower bound on days patients spent beyond 14. All levels of care. Beds use calendar days (366 in 2020 and 2024).

Sheet Cost
A1: Cost of the gap: net avoidable cost of excess days, 2023, 2024 and the current case (Jan 2026 rate)
A3: Measure | B3: Unit | C3: 2023 | D3: 2024 | E3: Now (2024 excess days at the Jan 2026 rate)
A4: Excess days | B4: days | C4: =INDEX(EXCESS_DAYS,MATCH(2023,YEAR,0)) -> 32557 | D4: =INDEX(EXCESS_DAYS,MATCH(2024,YEAR,0)) -> 17154 | E4: =INDEX(EXCESS_DAYS,MATCH(2024,YEAR,0)) -> 17154
A5: Waitlisted rate, January | B5: USD per day | C5: =INDEX(WL_RATE_JAN,MATCH(2023,YEAR,0)) -> 283.6 | D5: =INDEX(WL_RATE_JAN,MATCH(2024,YEAR,0)) -> 464.97
A6: Waitlisted rate, July | B6: USD per day | C6: =INDEX(WL_RATE_JUL,MATCH(2023,YEAR,0)) -> 302.89 | D6: =INDEX(WL_RATE_JUL,MATCH(2024,YEAR,0)) -> 455.59
A7: Average waitlisted rate (WL_RATE_AVG); Now = WL_RATE_2026 | B7: USD per day | C7: =(INDEX(WL_RATE_JAN,MATCH(2023,YEAR,0))+INDEX(WL_RATE_JUL,MATCH(2023,YEAR,0)))/2 -> 293.245 | D7: =(INDEX(WL_RATE_JAN,MATCH(2024,YEAR,0))+INDEX(WL_RATE_JUL,MATCH(2024,YEAR,0)))/2 -> 460.28 | E7: =WL_RATE_2026 -> 486.76
A8: Net cost per day, low (NET_COST_LO) | B8: USD per day | C8: =AVOID_COST_LO-INDEX(WL_RATE_AVG,1) -> 256.755 | D8: =AVOID_COST_LO-INDEX(WL_RATE_AVG,2) -> 89.72 | E8: =AVOID_COST_LO-WL_RATE_2026 -> 63.24
A9: Net cost per day, high (NET_COST_HI) | B9: USD per day | C9: =AVOID_COST_HI-INDEX(WL_RATE_AVG,1) -> 1176.755 | D9: =AVOID_COST_HI-INDEX(WL_RATE_AVG,2) -> 1009.72 | E9: =AVOID_COST_HI-WL_RATE_2026 -> 983.24
A10: Cost of excess days, low (EXCESS_COST_LO) | B10: USD per year | C10: =INDEX(EXCESS_DAYS,MATCH(2023,YEAR,0))*INDEX(NET_COST_LO,1) -> 8359172.5 | D10: =INDEX(EXCESS_DAYS,MATCH(2024,YEAR,0))*INDEX(NET_COST_LO,2) -> 1539056.9 | E10: =INDEX(EXCESS_DAYS,MATCH(2024,YEAR,0))*NET_COST_LO_NOW -> 1084819
A11: Cost of excess days, high (EXCESS_COST_HI) | B11: USD per year | C11: =INDEX(EXCESS_DAYS,MATCH(2023,YEAR,0))*INDEX(NET_COST_HI,1) -> 38311613 | D11: =INDEX(EXCESS_DAYS,MATCH(2024,YEAR,0))*INDEX(NET_COST_HI,2) -> 17320737 | E11: =INDEX(EXCESS_DAYS,MATCH(2024,YEAR,0))*NET_COST_HI_NOW -> 16866499
A12: Nursing-facility share of Dec 31 waitlist (NF_SHARE_DEC31), reported beside the result only | B12: share | C12: =INDEX(DEC31_NF,MATCH(2023,YEAR,0))/INDEX(DEC31_TOTAL,MATCH(2023,YEAR,0)) -> 0.82198953 | D12: =INDEX(DEC31_NF,MATCH(2024,YEAR,0))/INDEX(DEC31_TOTAL,MATCH(2024,YEAR,0)) -> 0.69364162
A14: Change in waitlist days, 2023 to 2024 (WL_DAYS_CHANGE_2024) | B14: share | C14: =INDEX(WL_DAYS,MATCH(2024,YEAR,0))/INDEX(WL_DAYS,MATCH(2023,YEAR,0))-1 -> -0.26741038
A15: Note: Leahi Hospital, Jan 2026 waitlisted rate | B15: USD per day | C15: =WL_RATE_LEAHI_2026 -> 480.19 | D15: Reported as a note; the other hospitals are at WL_RATE_2026. Not used in a calculation.
A17: Avoidable cost range AVOID_COST_LO to AVOID_COST_HI per waitlisted day, net of the waitlisted rate. All levels of care.

Sheet Tests
A1: Tests: definitions set on Sep 28, after the results were known (see spec Conventions)
A3: Test 1: opportunity cost | B3: Value | C3: Note
A4: Financial share, Dec 31 2020 | B4: =INDEX(SHARE_FINANCIAL,MATCH(2020,YEAR,0)) -> 0.20833333 | C4: COVID year
A5: Financial share, Dec 31 2021 | B5: =INDEX(SHARE_FINANCIAL,MATCH(2021,YEAR,0)) -> 0.22751323 | C5: COVID year
A6: Drop, 2020 to 2021 (T1_DROP_2021; negative = rise) | B6: =INDEX(SHARE_FINANCIAL,MATCH(2020,YEAR,0))-INDEX(SHARE_FINANCIAL,MATCH(2021,YEAR,0)) -> -0.019179894 | C6: Shown as a percent of the reasons total, i.e. percentage points
A7: Passes (drop >= T1_MIN_DROP_PTS) (T1_PASS_2021) | B7: =T1_DROP_2021*100>=T1_MIN_DROP_PTS -> FALSE | C7: Unrounded comparison; 2021 comparison is COVID-confounded
A8: Financial share, Dec 31 2023 | B8: =INDEX(SHARE_FINANCIAL,MATCH(2023,YEAR,0)) -> 0.23560209
A9: Financial share, Dec 31 2024 | B9: =INDEX(SHARE_FINANCIAL,MATCH(2024,YEAR,0)) -> 0.34682081
A10: Drop, 2023 to 2024 (T1_DROP_2024; negative = rise) | B10: =INDEX(SHARE_FINANCIAL,MATCH(2023,YEAR,0))-INDEX(SHARE_FINANCIAL,MATCH(2024,YEAR,0)) -> -0.11121872 | C10: Shown as a percent of the reasons total, i.e. percentage points
A11: Passes (drop >= T1_MIN_DROP_PTS) (T1_PASS_2024) | B11: =T1_DROP_2024*100>=T1_MIN_DROP_PTS -> FALSE | C11: Unrounded comparison
A12: Verdict (T1_VERDICT) | B12: =IF(AND(NOT(T1_PASS_2021),NOT(T1_PASS_2024)),"Falsified",IF(AND(T1_PASS_2021,NOT(T1_PASS_2024)),"Not falsified; weak (rests on the COVID-confounded 2021 comparison)","Not falsified")) -> Falsified | C12: Fails only if both drops fall short (lenient reading)
A14: Test 2: wait for the reset | B14: Value | C14: Note
A15: Least-squares slope of days per patient, 2017 to 2023 (T2_SLOPE) | B15: =SLOPE(INDEX(DAYS_PER_PT,1):INDEX(DAYS_PER_PT,7),INDEX(YEAR,1):INDEX(YEAR,7)) -> 1.8814213 | C15: days per patient per year
A16: Verdict (T2_VERDICT) | B16: =IF(T2_SLOPE<0,"Met","Not met") -> Not met | C16: Met = the trend slopes down (falling steadily toward 14)
A18: Test 3: new capacity | B18: Largest reason (LARGEST_REASON) | C18: Top count | D18: Reasons at the top count | E18: Recorded reasons incomplete
A19: =INDEX(YEAR,1) -> 2017 | B19: =IF((IF(INDEX(REASON_NO_BED,1)=MAX(INDEX(REASON_NO_BED,1),INDEX(REASON_BEHAVIOR,1),INDEX(REASON_SPECIAL_CARE,1),INDEX(REASON_FINANCIAL,1),INDEX(REASON_GUARDIANSHIP,1),INDEX(REASON_PASARR,1),INDEX(REASON_OTHER,1)),1,0)+IF(INDEX(REASON_BEHAVIOR,1)=MAX(INDEX(REASON_NO_BED,1),INDEX(REASON_BEHAVIOR,1),INDEX(REASON_SPECIAL_CARE,1),INDEX(REASON_FINANCIAL,1),INDEX(REASON_GUARDIANSHIP,1),INDEX(REASON_PASARR,1),INDEX(REASON_OTHER,1)),1,0)+IF(INDEX(REASON_SPECIAL_CARE,1)=MAX(INDEX(REASON_NO_BED,1),INDEX(REASON_BEHAVIOR,1),INDEX(REASON_SPECIAL_CARE,1),INDEX(REASON_FINANCIAL,1),INDEX(REASON_GUARDIANSHIP,1),INDEX(REASON_PASARR,1),INDEX(REASON_OTHER,1)),1,0)+IF(INDEX(REASON_FINANCIAL,1)=MAX(INDEX(REASON_NO_BED,1),INDEX(REASON_BEHAVIOR,1),INDEX(REASON_SPECIAL_CARE,1),INDEX(REASON_FINANCIAL,1),INDEX(REASON_GUARDIANSHIP,1),INDEX(REASON_PASARR,1),INDEX(REASON_OTHER,1)),1,0)+IF(INDEX(REASON_GUARDIANSHIP,1)=MAX(INDEX(REASON_NO_BED,1),INDEX(REASON_BEHAVIOR,1),INDEX(REASON_SPECIAL_CARE,1),INDEX(REASON_FINANCIAL,1),INDEX(REASON_GUARDIANSHIP,1),INDEX(REASON_PASARR,1),INDEX(REASON_OTHER,1)),1,0)+IF(INDEX(REASON_PASARR,1)=MAX(INDEX(REASON_NO_BED,1),INDEX(REASON_BEHAVIOR,1),INDEX(REASON_SPECIAL_CARE,1),INDEX(REASON_FINANCIAL,1),INDEX(REASON_GUARDIANSHIP,1),INDEX(REASON_PASARR,1),INDEX(REASON_OTHER,1)),1,0)+IF(INDEX(REASON_OTHER,1)=MAX(INDEX(REASON_NO_BED,1),INDEX(REASON_BEHAVIOR,1),INDEX(REASON_SPECIAL_CARE,1),INDEX(REASON_FINANCIAL,1),INDEX(REASON_GUARDIANSHIP,1),INDEX(REASON_PASARR,1),INDEX(REASON_OTHER,1)),1,0))>1,"Tie (none largest)",IF(INDEX(REASON_NO_BED,1)=MAX(INDEX(REASON_NO_BED,1),INDEX(REASON_BEHAVIOR,1),INDEX(REASON_SPECIAL_CARE,1),INDEX(REASON_FINANCIAL,1),INDEX(REASON_GUARDIANSHIP,1),INDEX(REASON_PASARR,1),INDEX(REASON_OTHER,1)),"No bed",IF(INDEX(REASON_BEHAVIOR,1)=MAX(INDEX(REASON_NO_BED,1),INDEX(REASON_BEHAVIOR,1),INDEX(REASON_SPECIAL_CARE,1),INDEX(REASON_FINANCIAL,1),INDEX(REASON_GUARDIANSHIP,1),INDEX(REASON_PASARR,1),INDEX(REASON_OTHER,1)),"Behavior",IF(INDEX(REASON_SPECIAL_CARE,1)=MAX(INDEX(REASON_NO_BED,1),INDEX(REASON_BEHAVIOR,1),INDEX(REASON_SPECIAL_CARE,1),INDEX(REASON_FINANCIAL,1),INDEX(REASON_GUARDIANSHIP,1),INDEX(REASON_PASARR,1),INDEX(REASON_OTHER,1)),"Special care",IF(INDEX(REASON_FINANCIAL,1)=MAX(INDEX(REASON_NO_BED,1),INDEX(REASON_BEHAVIOR,1),INDEX(REASON_SPECIAL_CARE,1),INDEX(REASON_FINANCIAL,1),INDEX(REASON_GUARDIANSHIP,1),INDEX(REASON_PASARR,1),INDEX(REASON_OTHER,1)),"Financial",IF(INDEX(REASON_GUARDIANSHIP,1)=MAX(INDEX(REASON_NO_BED,1),INDEX(REASON_BEHAVIOR,1),INDEX(REASON_SPECIAL_CARE,1),INDEX(REASON_FINANCIAL,1),INDEX(REASON_GUARDIANSHIP,1),INDEX(REASON_PASARR,1),INDEX(REASON_OTHER,1)),"Guardianship",IF(INDEX(REASON_PASARR,1)=MAX(INDEX(REASON_NO_BED,1),INDEX(REASON_BEHAVIOR,1),INDEX(REASON_SPECIAL_CARE,1),INDEX(REASON_FINANCIAL,1),INDEX(REASON_GUARDIANSHIP,1),INDEX(REASON_PASARR,1),INDEX(REASON_OTHER,1)),"PASARR",IF(INDEX(REASON_OTHER,1)=MAX(INDEX(REASON_NO_BED,1),INDEX(REASON_BEHAVIOR,1),INDEX(REASON_SPECIAL_CARE,1),INDEX(REASON_FINANCIAL,1),INDEX(REASON_GUARDIANSHIP,1),INDEX(REASON_PASARR,1),INDEX(REASON_OTHER,1)),"Other","?")))))))) -> No bed | C19: =MAX(INDEX(REASON_NO_BED,1),INDEX(REASON_BEHAVIOR,1),INDEX(REASON_SPECIAL_CARE,1),INDEX(REASON_FINANCIAL,1),INDEX(REASON_GUARDIANSHIP,1),INDEX(REASON_PASARR,1),INDEX(REASON_OTHER,1)) -> 39 | D19: =IF(INDEX(REASON_NO_BED,1)=MAX(INDEX(REASON_NO_BED,1),INDEX(REASON_BEHAVIOR,1),INDEX(REASON_SPECIAL_CARE,1),INDEX(REASON_FINANCIAL,1),INDEX(REASON_GUARDIANSHIP,1),INDEX(REASON_PASARR,1),INDEX(REASON_OTHER,1)),1,0)+IF(INDEX(REASON_BEHAVIOR,1)=MAX(INDEX(REASON_NO_BED,1),INDEX(REASON_BEHAVIOR,1),INDEX(REASON_SPECIAL_CARE,1),INDEX(REASON_FINANCIAL,1),INDEX(REASON_GUARDIANSHIP,1),INDEX(REASON_PASARR,1),INDEX(REASON_OTHER,1)),1,0)+IF(INDEX(REASON_SPECIAL_CARE,1)=MAX(INDEX(REASON_NO_BED,1),INDEX(REASON_BEHAVIOR,1),INDEX(REASON_SPECIAL_CARE,1),INDEX(REASON_FINANCIAL,1),INDEX(REASON_GUARDIANSHIP,1),INDEX(REASON_PASARR,1),INDEX(REASON_OTHER,1)),1,0)+IF(INDEX(REASON_FINANCIAL,1)=MAX(INDEX(REASON_NO_BED,1),INDEX(REASON_BEHAVIOR,1),INDEX(REASON_SPECIAL_CARE,1),INDEX(REASON_FINANCIAL,1),INDEX(REASON_GUARDIANSHIP,1),INDEX(REASON_PASARR,1),INDEX(REASON_OTHER,1)),1,0)+IF(INDEX(REASON_GUARDIANSHIP,1)=MAX(INDEX(REASON_NO_BED,1),INDEX(REASON_BEHAVIOR,1),INDEX(REASON_SPECIAL_CARE,1),INDEX(REASON_FINANCIAL,1),INDEX(REASON_GUARDIANSHIP,1),INDEX(REASON_PASARR,1),INDEX(REASON_OTHER,1)),1,0)+IF(INDEX(REASON_PASARR,1)=MAX(INDEX(REASON_NO_BED,1),INDEX(REASON_BEHAVIOR,1),INDEX(REASON_SPECIAL_CARE,1),INDEX(REASON_FINANCIAL,1),INDEX(REASON_GUARDIANSHIP,1),INDEX(REASON_PASARR,1),INDEX(REASON_OTHER,1)),1,0)+IF(INDEX(REASON_OTHER,1)=MAX(INDEX(REASON_NO_BED,1),INDEX(REASON_BEHAVIOR,1),INDEX(REASON_SPECIAL_CARE,1),INDEX(REASON_FINANCIAL,1),INDEX(REASON_GUARDIANSHIP,1),INDEX(REASON_PASARR,1),INDEX(REASON_OTHER,1)),1,0) -> 1 | E19: =INDEX(REASON_SUM,1)<INDEX(DEC31_TOTAL,1) -> TRUE
A20: =INDEX(YEAR,2) -> 2018 | B20: =IF((IF(INDEX(REASON_NO_BED,2)=MAX(INDEX(REASON_NO_BED,2),INDEX(REASON_BEHAVIOR,2),INDEX(REASON_SPECIAL_CARE,2),INDEX(REASON_FINANCIAL,2),INDEX(REASON_GUARDIANSHIP,2),INDEX(REASON_PASARR,2),INDEX(REASON_OTHER,2)),1,0)+IF(INDEX(REASON_BEHAVIOR,2)=MAX(INDEX(REASON_NO_BED,2),INDEX(REASON_BEHAVIOR,2),INDEX(REASON_SPECIAL_CARE,2),INDEX(REASON_FINANCIAL,2),INDEX(REASON_GUARDIANSHIP,2),INDEX(REASON_PASARR,2),INDEX(REASON_OTHER,2)),1,0)+IF(INDEX(REASON_SPECIAL_CARE,2)=MAX(INDEX(REASON_NO_BED,2),INDEX(REASON_BEHAVIOR,2),INDEX(REASON_SPECIAL_CARE,2),INDEX(REASON_FINANCIAL,2),INDEX(REASON_GUARDIANSHIP,2),INDEX(REASON_PASARR,2),INDEX(REASON_OTHER,2)),1,0)+IF(INDEX(REASON_FINANCIAL,2)=MAX(INDEX(REASON_NO_BED,2),INDEX(REASON_BEHAVIOR,2),INDEX(REASON_SPECIAL_CARE,2),INDEX(REASON_FINANCIAL,2),INDEX(REASON_GUARDIANSHIP,2),INDEX(REASON_PASARR,2),INDEX(REASON_OTHER,2)),1,0)+IF(INDEX(REASON_GUARDIANSHIP,2)=MAX(INDEX(REASON_NO_BED,2),INDEX(REASON_BEHAVIOR,2),INDEX(REASON_SPECIAL_CARE,2),INDEX(REASON_FINANCIAL,2),INDEX(REASON_GUARDIANSHIP,2),INDEX(REASON_PASARR,2),INDEX(REASON_OTHER,2)),1,0)+IF(INDEX(REASON_PASARR,2)=MAX(INDEX(REASON_NO_BED,2),INDEX(REASON_BEHAVIOR,2),INDEX(REASON_SPECIAL_CARE,2),INDEX(REASON_FINANCIAL,2),INDEX(REASON_GUARDIANSHIP,2),INDEX(REASON_PASARR,2),INDEX(REASON_OTHER,2)),1,0)+IF(INDEX(REASON_OTHER,2)=MAX(INDEX(REASON_NO_BED,2),INDEX(REASON_BEHAVIOR,2),INDEX(REASON_SPECIAL_CARE,2),INDEX(REASON_FINANCIAL,2),INDEX(REASON_GUARDIANSHIP,2),INDEX(REASON_PASARR,2),INDEX(REASON_OTHER,2)),1,0))>1,"Tie (none largest)",IF(INDEX(REASON_NO_BED,2)=MAX(INDEX(REASON_NO_BED,2),INDEX(REASON_BEHAVIOR,2),INDEX(REASON_SPECIAL_CARE,2),INDEX(REASON_FINANCIAL,2),INDEX(REASON_GUARDIANSHIP,2),INDEX(REASON_PASARR,2),INDEX(REASON_OTHER,2)),"No bed",IF(INDEX(REASON_BEHAVIOR,2)=MAX(INDEX(REASON_NO_BED,2),INDEX(REASON_BEHAVIOR,2),INDEX(REASON_SPECIAL_CARE,2),INDEX(REASON_FINANCIAL,2),INDEX(REASON_GUARDIANSHIP,2),INDEX(REASON_PASARR,2),INDEX(REASON_OTHER,2)),"Behavior",IF(INDEX(REASON_SPECIAL_CARE,2)=MAX(INDEX(REASON_NO_BED,2),INDEX(REASON_BEHAVIOR,2),INDEX(REASON_SPECIAL_CARE,2),INDEX(REASON_FINANCIAL,2),INDEX(REASON_GUARDIANSHIP,2),INDEX(REASON_PASARR,2),INDEX(REASON_OTHER,2)),"Special care",IF(INDEX(REASON_FINANCIAL,2)=MAX(INDEX(REASON_NO_BED,2),INDEX(REASON_BEHAVIOR,2),INDEX(REASON_SPECIAL_CARE,2),INDEX(REASON_FINANCIAL,2),INDEX(REASON_GUARDIANSHIP,2),INDEX(REASON_PASARR,2),INDEX(REASON_OTHER,2)),"Financial",IF(INDEX(REASON_GUARDIANSHIP,2)=MAX(INDEX(REASON_NO_BED,2),INDEX(REASON_BEHAVIOR,2),INDEX(REASON_SPECIAL_CARE,2),INDEX(REASON_FINANCIAL,2),INDEX(REASON_GUARDIANSHIP,2),INDEX(REASON_PASARR,2),INDEX(REASON_OTHER,2)),"Guardianship",IF(INDEX(REASON_PASARR,2)=MAX(INDEX(REASON_NO_BED,2),INDEX(REASON_BEHAVIOR,2),INDEX(REASON_SPECIAL_CARE,2),INDEX(REASON_FINANCIAL,2),INDEX(REASON_GUARDIANSHIP,2),INDEX(REASON_PASARR,2),INDEX(REASON_OTHER,2)),"PASARR",IF(INDEX(REASON_OTHER,2)=MAX(INDEX(REASON_NO_BED,2),INDEX(REASON_BEHAVIOR,2),INDEX(REASON_SPECIAL_CARE,2),INDEX(REASON_FINANCIAL,2),INDEX(REASON_GUARDIANSHIP,2),INDEX(REASON_PASARR,2),INDEX(REASON_OTHER,2)),"Other","?")))))))) -> No bed | C20: =MAX(INDEX(REASON_NO_BED,2),INDEX(REASON_BEHAVIOR,2),INDEX(REASON_SPECIAL_CARE,2),INDEX(REASON_FINANCIAL,2),INDEX(REASON_GUARDIANSHIP,2),INDEX(REASON_PASARR,2),INDEX(REASON_OTHER,2)) -> 57 | D20: =IF(INDEX(REASON_NO_BED,2)=MAX(INDEX(REASON_NO_BED,2),INDEX(REASON_BEHAVIOR,2),INDEX(REASON_SPECIAL_CARE,2),INDEX(REASON_FINANCIAL,2),INDEX(REASON_GUARDIANSHIP,2),INDEX(REASON_PASARR,2),INDEX(REASON_OTHER,2)),1,0)+IF(INDEX(REASON_BEHAVIOR,2)=MAX(INDEX(REASON_NO_BED,2),INDEX(REASON_BEHAVIOR,2),INDEX(REASON_SPECIAL_CARE,2),INDEX(REASON_FINANCIAL,2),INDEX(REASON_GUARDIANSHIP,2),INDEX(REASON_PASARR,2),INDEX(REASON_OTHER,2)),1,0)+IF(INDEX(REASON_SPECIAL_CARE,2)=MAX(INDEX(REASON_NO_BED,2),INDEX(REASON_BEHAVIOR,2),INDEX(REASON_SPECIAL_CARE,2),INDEX(REASON_FINANCIAL,2),INDEX(REASON_GUARDIANSHIP,2),INDEX(REASON_PASARR,2),INDEX(REASON_OTHER,2)),1,0)+IF(INDEX(REASON_FINANCIAL,2)=MAX(INDEX(REASON_NO_BED,2),INDEX(REASON_BEHAVIOR,2),INDEX(REASON_SPECIAL_CARE,2),INDEX(REASON_FINANCIAL,2),INDEX(REASON_GUARDIANSHIP,2),INDEX(REASON_PASARR,2),INDEX(REASON_OTHER,2)),1,0)+IF(INDEX(REASON_GUARDIANSHIP,2)=MAX(INDEX(REASON_NO_BED,2),INDEX(REASON_BEHAVIOR,2),INDEX(REASON_SPECIAL_CARE,2),INDEX(REASON_FINANCIAL,2),INDEX(REASON_GUARDIANSHIP,2),INDEX(REASON_PASARR,2),INDEX(REASON_OTHER,2)),1,0)+IF(INDEX(REASON_PASARR,2)=MAX(INDEX(REASON_NO_BED,2),INDEX(REASON_BEHAVIOR,2),INDEX(REASON_SPECIAL_CARE,2),INDEX(REASON_FINANCIAL,2),INDEX(REASON_GUARDIANSHIP,2),INDEX(REASON_PASARR,2),INDEX(REASON_OTHER,2)),1,0)+IF(INDEX(REASON_OTHER,2)=MAX(INDEX(REASON_NO_BED,2),INDEX(REASON_BEHAVIOR,2),INDEX(REASON_SPECIAL_CARE,2),INDEX(REASON_FINANCIAL,2),INDEX(REASON_GUARDIANSHIP,2),INDEX(REASON_PASARR,2),INDEX(REASON_OTHER,2)),1,0) -> 1 | E20: =INDEX(REASON_SUM,2)<INDEX(DEC31_TOTAL,2) -> FALSE
A21: =INDEX(YEAR,3) -> 2019 | B21: =IF((IF(INDEX(REASON_NO_BED,3)=MAX(INDEX(REASON_NO_BED,3),INDEX(REASON_BEHAVIOR,3),INDEX(REASON_SPECIAL_CARE,3),INDEX(REASON_FINANCIAL,3),INDEX(REASON_GUARDIANSHIP,3),INDEX(REASON_PASARR,3),INDEX(REASON_OTHER,3)),1,0)+IF(INDEX(REASON_BEHAVIOR,3)=MAX(INDEX(REASON_NO_BED,3),INDEX(REASON_BEHAVIOR,3),INDEX(REASON_SPECIAL_CARE,3),INDEX(REASON_FINANCIAL,3),INDEX(REASON_GUARDIANSHIP,3),INDEX(REASON_PASARR,3),INDEX(REASON_OTHER,3)),1,0)+IF(INDEX(REASON_SPECIAL_CARE,3)=MAX(INDEX(REASON_NO_BED,3),INDEX(REASON_BEHAVIOR,3),INDEX(REASON_SPECIAL_CARE,3),INDEX(REASON_FINANCIAL,3),INDEX(REASON_GUARDIANSHIP,3),INDEX(REASON_PASARR,3),INDEX(REASON_OTHER,3)),1,0)+IF(INDEX(REASON_FINANCIAL,3)=MAX(INDEX(REASON_NO_BED,3),INDEX(REASON_BEHAVIOR,3),INDEX(REASON_SPECIAL_CARE,3),INDEX(REASON_FINANCIAL,3),INDEX(REASON_GUARDIANSHIP,3),INDEX(REASON_PASARR,3),INDEX(REASON_OTHER,3)),1,0)+IF(INDEX(REASON_GUARDIANSHIP,3)=MAX(INDEX(REASON_NO_BED,3),INDEX(REASON_BEHAVIOR,3),INDEX(REASON_SPECIAL_CARE,3),INDEX(REASON_FINANCIAL,3),INDEX(REASON_GUARDIANSHIP,3),INDEX(REASON_PASARR,3),INDEX(REASON_OTHER,3)),1,0)+IF(INDEX(REASON_PASARR,3)=MAX(INDEX(REASON_NO_BED,3),INDEX(REASON_BEHAVIOR,3),INDEX(REASON_SPECIAL_CARE,3),INDEX(REASON_FINANCIAL,3),INDEX(REASON_GUARDIANSHIP,3),INDEX(REASON_PASARR,3),INDEX(REASON_OTHER,3)),1,0)+IF(INDEX(REASON_OTHER,3)=MAX(INDEX(REASON_NO_BED,3),INDEX(REASON_BEHAVIOR,3),INDEX(REASON_SPECIAL_CARE,3),INDEX(REASON_FINANCIAL,3),INDEX(REASON_GUARDIANSHIP,3),INDEX(REASON_PASARR,3),INDEX(REASON_OTHER,3)),1,0))>1,"Tie (none largest)",IF(INDEX(REASON_NO_BED,3)=MAX(INDEX(REASON_NO_BED,3),INDEX(REASON_BEHAVIOR,3),INDEX(REASON_SPECIAL_CARE,3),INDEX(REASON_FINANCIAL,3),INDEX(REASON_GUARDIANSHIP,3),INDEX(REASON_PASARR,3),INDEX(REASON_OTHER,3)),"No bed",IF(INDEX(REASON_BEHAVIOR,3)=MAX(INDEX(REASON_NO_BED,3),INDEX(REASON_BEHAVIOR,3),INDEX(REASON_SPECIAL_CARE,3),INDEX(REASON_FINANCIAL,3),INDEX(REASON_GUARDIANSHIP,3),INDEX(REASON_PASARR,3),INDEX(REASON_OTHER,3)),"Behavior",IF(INDEX(REASON_SPECIAL_CARE,3)=MAX(INDEX(REASON_NO_BED,3),INDEX(REASON_BEHAVIOR,3),INDEX(REASON_SPECIAL_CARE,3),INDEX(REASON_FINANCIAL,3),INDEX(REASON_GUARDIANSHIP,3),INDEX(REASON_PASARR,3),INDEX(REASON_OTHER,3)),"Special care",IF(INDEX(REASON_FINANCIAL,3)=MAX(INDEX(REASON_NO_BED,3),INDEX(REASON_BEHAVIOR,3),INDEX(REASON_SPECIAL_CARE,3),INDEX(REASON_FINANCIAL,3),INDEX(REASON_GUARDIANSHIP,3),INDEX(REASON_PASARR,3),INDEX(REASON_OTHER,3)),"Financial",IF(INDEX(REASON_GUARDIANSHIP,3)=MAX(INDEX(REASON_NO_BED,3),INDEX(REASON_BEHAVIOR,3),INDEX(REASON_SPECIAL_CARE,3),INDEX(REASON_FINANCIAL,3),INDEX(REASON_GUARDIANSHIP,3),INDEX(REASON_PASARR,3),INDEX(REASON_OTHER,3)),"Guardianship",IF(INDEX(REASON_PASARR,3)=MAX(INDEX(REASON_NO_BED,3),INDEX(REASON_BEHAVIOR,3),INDEX(REASON_SPECIAL_CARE,3),INDEX(REASON_FINANCIAL,3),INDEX(REASON_GUARDIANSHIP,3),INDEX(REASON_PASARR,3),INDEX(REASON_OTHER,3)),"PASARR",IF(INDEX(REASON_OTHER,3)=MAX(INDEX(REASON_NO_BED,3),INDEX(REASON_BEHAVIOR,3),INDEX(REASON_SPECIAL_CARE,3),INDEX(REASON_FINANCIAL,3),INDEX(REASON_GUARDIANSHIP,3),INDEX(REASON_PASARR,3),INDEX(REASON_OTHER,3)),"Other","?")))))))) -> No bed | C21: =MAX(INDEX(REASON_NO_BED,3),INDEX(REASON_BEHAVIOR,3),INDEX(REASON_SPECIAL_CARE,3),INDEX(REASON_FINANCIAL,3),INDEX(REASON_GUARDIANSHIP,3),INDEX(REASON_PASARR,3),INDEX(REASON_OTHER,3)) -> 72 | D21: =IF(INDEX(REASON_NO_BED,3)=MAX(INDEX(REASON_NO_BED,3),INDEX(REASON_BEHAVIOR,3),INDEX(REASON_SPECIAL_CARE,3),INDEX(REASON_FINANCIAL,3),INDEX(REASON_GUARDIANSHIP,3),INDEX(REASON_PASARR,3),INDEX(REASON_OTHER,3)),1,0)+IF(INDEX(REASON_BEHAVIOR,3)=MAX(INDEX(REASON_NO_BED,3),INDEX(REASON_BEHAVIOR,3),INDEX(REASON_SPECIAL_CARE,3),INDEX(REASON_FINANCIAL,3),INDEX(REASON_GUARDIANSHIP,3),INDEX(REASON_PASARR,3),INDEX(REASON_OTHER,3)),1,0)+IF(INDEX(REASON_SPECIAL_CARE,3)=MAX(INDEX(REASON_NO_BED,3),INDEX(REASON_BEHAVIOR,3),INDEX(REASON_SPECIAL_CARE,3),INDEX(REASON_FINANCIAL,3),INDEX(REASON_GUARDIANSHIP,3),INDEX(REASON_PASARR,3),INDEX(REASON_OTHER,3)),1,0)+IF(INDEX(REASON_FINANCIAL,3)=MAX(INDEX(REASON_NO_BED,3),INDEX(REASON_BEHAVIOR,3),INDEX(REASON_SPECIAL_CARE,3),INDEX(REASON_FINANCIAL,3),INDEX(REASON_GUARDIANSHIP,3),INDEX(REASON_PASARR,3),INDEX(REASON_OTHER,3)),1,0)+IF(INDEX(REASON_GUARDIANSHIP,3)=MAX(INDEX(REASON_NO_BED,3),INDEX(REASON_BEHAVIOR,3),INDEX(REASON_SPECIAL_CARE,3),INDEX(REASON_FINANCIAL,3),INDEX(REASON_GUARDIANSHIP,3),INDEX(REASON_PASARR,3),INDEX(REASON_OTHER,3)),1,0)+IF(INDEX(REASON_PASARR,3)=MAX(INDEX(REASON_NO_BED,3),INDEX(REASON_BEHAVIOR,3),INDEX(REASON_SPECIAL_CARE,3),INDEX(REASON_FINANCIAL,3),INDEX(REASON_GUARDIANSHIP,3),INDEX(REASON_PASARR,3),INDEX(REASON_OTHER,3)),1,0)+IF(INDEX(REASON_OTHER,3)=MAX(INDEX(REASON_NO_BED,3),INDEX(REASON_BEHAVIOR,3),INDEX(REASON_SPECIAL_CARE,3),INDEX(REASON_FINANCIAL,3),INDEX(REASON_GUARDIANSHIP,3),INDEX(REASON_PASARR,3),INDEX(REASON_OTHER,3)),1,0) -> 1 | E21: =INDEX(REASON_SUM,3)<INDEX(DEC31_TOTAL,3) -> FALSE
A22: =INDEX(YEAR,4) -> 2020 | B22: =IF((IF(INDEX(REASON_NO_BED,4)=MAX(INDEX(REASON_NO_BED,4),INDEX(REASON_BEHAVIOR,4),INDEX(REASON_SPECIAL_CARE,4),INDEX(REASON_FINANCIAL,4),INDEX(REASON_GUARDIANSHIP,4),INDEX(REASON_PASARR,4),INDEX(REASON_OTHER,4)),1,0)+IF(INDEX(REASON_BEHAVIOR,4)=MAX(INDEX(REASON_NO_BED,4),INDEX(REASON_BEHAVIOR,4),INDEX(REASON_SPECIAL_CARE,4),INDEX(REASON_FINANCIAL,4),INDEX(REASON_GUARDIANSHIP,4),INDEX(REASON_PASARR,4),INDEX(REASON_OTHER,4)),1,0)+IF(INDEX(REASON_SPECIAL_CARE,4)=MAX(INDEX(REASON_NO_BED,4),INDEX(REASON_BEHAVIOR,4),INDEX(REASON_SPECIAL_CARE,4),INDEX(REASON_FINANCIAL,4),INDEX(REASON_GUARDIANSHIP,4),INDEX(REASON_PASARR,4),INDEX(REASON_OTHER,4)),1,0)+IF(INDEX(REASON_FINANCIAL,4)=MAX(INDEX(REASON_NO_BED,4),INDEX(REASON_BEHAVIOR,4),INDEX(REASON_SPECIAL_CARE,4),INDEX(REASON_FINANCIAL,4),INDEX(REASON_GUARDIANSHIP,4),INDEX(REASON_PASARR,4),INDEX(REASON_OTHER,4)),1,0)+IF(INDEX(REASON_GUARDIANSHIP,4)=MAX(INDEX(REASON_NO_BED,4),INDEX(REASON_BEHAVIOR,4),INDEX(REASON_SPECIAL_CARE,4),INDEX(REASON_FINANCIAL,4),INDEX(REASON_GUARDIANSHIP,4),INDEX(REASON_PASARR,4),INDEX(REASON_OTHER,4)),1,0)+IF(INDEX(REASON_PASARR,4)=MAX(INDEX(REASON_NO_BED,4),INDEX(REASON_BEHAVIOR,4),INDEX(REASON_SPECIAL_CARE,4),INDEX(REASON_FINANCIAL,4),INDEX(REASON_GUARDIANSHIP,4),INDEX(REASON_PASARR,4),INDEX(REASON_OTHER,4)),1,0)+IF(INDEX(REASON_OTHER,4)=MAX(INDEX(REASON_NO_BED,4),INDEX(REASON_BEHAVIOR,4),INDEX(REASON_SPECIAL_CARE,4),INDEX(REASON_FINANCIAL,4),INDEX(REASON_GUARDIANSHIP,4),INDEX(REASON_PASARR,4),INDEX(REASON_OTHER,4)),1,0))>1,"Tie (none largest)",IF(INDEX(REASON_NO_BED,4)=MAX(INDEX(REASON_NO_BED,4),INDEX(REASON_BEHAVIOR,4),INDEX(REASON_SPECIAL_CARE,4),INDEX(REASON_FINANCIAL,4),INDEX(REASON_GUARDIANSHIP,4),INDEX(REASON_PASARR,4),INDEX(REASON_OTHER,4)),"No bed",IF(INDEX(REASON_BEHAVIOR,4)=MAX(INDEX(REASON_NO_BED,4),INDEX(REASON_BEHAVIOR,4),INDEX(REASON_SPECIAL_CARE,4),INDEX(REASON_FINANCIAL,4),INDEX(REASON_GUARDIANSHIP,4),INDEX(REASON_PASARR,4),INDEX(REASON_OTHER,4)),"Behavior",IF(INDEX(REASON_SPECIAL_CARE,4)=MAX(INDEX(REASON_NO_BED,4),INDEX(REASON_BEHAVIOR,4),INDEX(REASON_SPECIAL_CARE,4),INDEX(REASON_FINANCIAL,4),INDEX(REASON_GUARDIANSHIP,4),INDEX(REASON_PASARR,4),INDEX(REASON_OTHER,4)),"Special care",IF(INDEX(REASON_FINANCIAL,4)=MAX(INDEX(REASON_NO_BED,4),INDEX(REASON_BEHAVIOR,4),INDEX(REASON_SPECIAL_CARE,4),INDEX(REASON_FINANCIAL,4),INDEX(REASON_GUARDIANSHIP,4),INDEX(REASON_PASARR,4),INDEX(REASON_OTHER,4)),"Financial",IF(INDEX(REASON_GUARDIANSHIP,4)=MAX(INDEX(REASON_NO_BED,4),INDEX(REASON_BEHAVIOR,4),INDEX(REASON_SPECIAL_CARE,4),INDEX(REASON_FINANCIAL,4),INDEX(REASON_GUARDIANSHIP,4),INDEX(REASON_PASARR,4),INDEX(REASON_OTHER,4)),"Guardianship",IF(INDEX(REASON_PASARR,4)=MAX(INDEX(REASON_NO_BED,4),INDEX(REASON_BEHAVIOR,4),INDEX(REASON_SPECIAL_CARE,4),INDEX(REASON_FINANCIAL,4),INDEX(REASON_GUARDIANSHIP,4),INDEX(REASON_PASARR,4),INDEX(REASON_OTHER,4)),"PASARR",IF(INDEX(REASON_OTHER,4)=MAX(INDEX(REASON_NO_BED,4),INDEX(REASON_BEHAVIOR,4),INDEX(REASON_SPECIAL_CARE,4),INDEX(REASON_FINANCIAL,4),INDEX(REASON_GUARDIANSHIP,4),INDEX(REASON_PASARR,4),INDEX(REASON_OTHER,4)),"Other","?")))))))) -> No bed | C22: =MAX(INDEX(REASON_NO_BED,4),INDEX(REASON_BEHAVIOR,4),INDEX(REASON_SPECIAL_CARE,4),INDEX(REASON_FINANCIAL,4),INDEX(REASON_GUARDIANSHIP,4),INDEX(REASON_PASARR,4),INDEX(REASON_OTHER,4)) -> 41 | D22: =IF(INDEX(REASON_NO_BED,4)=MAX(INDEX(REASON_NO_BED,4),INDEX(REASON_BEHAVIOR,4),INDEX(REASON_SPECIAL_CARE,4),INDEX(REASON_FINANCIAL,4),INDEX(REASON_GUARDIANSHIP,4),INDEX(REASON_PASARR,4),INDEX(REASON_OTHER,4)),1,0)+IF(INDEX(REASON_BEHAVIOR,4)=MAX(INDEX(REASON_NO_BED,4),INDEX(REASON_BEHAVIOR,4),INDEX(REASON_SPECIAL_CARE,4),INDEX(REASON_FINANCIAL,4),INDEX(REASON_GUARDIANSHIP,4),INDEX(REASON_PASARR,4),INDEX(REASON_OTHER,4)),1,0)+IF(INDEX(REASON_SPECIAL_CARE,4)=MAX(INDEX(REASON_NO_BED,4),INDEX(REASON_BEHAVIOR,4),INDEX(REASON_SPECIAL_CARE,4),INDEX(REASON_FINANCIAL,4),INDEX(REASON_GUARDIANSHIP,4),INDEX(REASON_PASARR,4),INDEX(REASON_OTHER,4)),1,0)+IF(INDEX(REASON_FINANCIAL,4)=MAX(INDEX(REASON_NO_BED,4),INDEX(REASON_BEHAVIOR,4),INDEX(REASON_SPECIAL_CARE,4),INDEX(REASON_FINANCIAL,4),INDEX(REASON_GUARDIANSHIP,4),INDEX(REASON_PASARR,4),INDEX(REASON_OTHER,4)),1,0)+IF(INDEX(REASON_GUARDIANSHIP,4)=MAX(INDEX(REASON_NO_BED,4),INDEX(REASON_BEHAVIOR,4),INDEX(REASON_SPECIAL_CARE,4),INDEX(REASON_FINANCIAL,4),INDEX(REASON_GUARDIANSHIP,4),INDEX(REASON_PASARR,4),INDEX(REASON_OTHER,4)),1,0)+IF(INDEX(REASON_PASARR,4)=MAX(INDEX(REASON_NO_BED,4),INDEX(REASON_BEHAVIOR,4),INDEX(REASON_SPECIAL_CARE,4),INDEX(REASON_FINANCIAL,4),INDEX(REASON_GUARDIANSHIP,4),INDEX(REASON_PASARR,4),INDEX(REASON_OTHER,4)),1,0)+IF(INDEX(REASON_OTHER,4)=MAX(INDEX(REASON_NO_BED,4),INDEX(REASON_BEHAVIOR,4),INDEX(REASON_SPECIAL_CARE,4),INDEX(REASON_FINANCIAL,4),INDEX(REASON_GUARDIANSHIP,4),INDEX(REASON_PASARR,4),INDEX(REASON_OTHER,4)),1,0) -> 1 | E22: =INDEX(REASON_SUM,4)<INDEX(DEC31_TOTAL,4) -> FALSE
A23: =INDEX(YEAR,5) -> 2021 | B23: =IF((IF(INDEX(REASON_NO_BED,5)=MAX(INDEX(REASON_NO_BED,5),INDEX(REASON_BEHAVIOR,5),INDEX(REASON_SPECIAL_CARE,5),INDEX(REASON_FINANCIAL,5),INDEX(REASON_GUARDIANSHIP,5),INDEX(REASON_PASARR,5),INDEX(REASON_OTHER,5)),1,0)+IF(INDEX(REASON_BEHAVIOR,5)=MAX(INDEX(REASON_NO_BED,5),INDEX(REASON_BEHAVIOR,5),INDEX(REASON_SPECIAL_CARE,5),INDEX(REASON_FINANCIAL,5),INDEX(REASON_GUARDIANSHIP,5),INDEX(REASON_PASARR,5),INDEX(REASON_OTHER,5)),1,0)+IF(INDEX(REASON_SPECIAL_CARE,5)=MAX(INDEX(REASON_NO_BED,5),INDEX(REASON_BEHAVIOR,5),INDEX(REASON_SPECIAL_CARE,5),INDEX(REASON_FINANCIAL,5),INDEX(REASON_GUARDIANSHIP,5),INDEX(REASON_PASARR,5),INDEX(REASON_OTHER,5)),1,0)+IF(INDEX(REASON_FINANCIAL,5)=MAX(INDEX(REASON_NO_BED,5),INDEX(REASON_BEHAVIOR,5),INDEX(REASON_SPECIAL_CARE,5),INDEX(REASON_FINANCIAL,5),INDEX(REASON_GUARDIANSHIP,5),INDEX(REASON_PASARR,5),INDEX(REASON_OTHER,5)),1,0)+IF(INDEX(REASON_GUARDIANSHIP,5)=MAX(INDEX(REASON_NO_BED,5),INDEX(REASON_BEHAVIOR,5),INDEX(REASON_SPECIAL_CARE,5),INDEX(REASON_FINANCIAL,5),INDEX(REASON_GUARDIANSHIP,5),INDEX(REASON_PASARR,5),INDEX(REASON_OTHER,5)),1,0)+IF(INDEX(REASON_PASARR,5)=MAX(INDEX(REASON_NO_BED,5),INDEX(REASON_BEHAVIOR,5),INDEX(REASON_SPECIAL_CARE,5),INDEX(REASON_FINANCIAL,5),INDEX(REASON_GUARDIANSHIP,5),INDEX(REASON_PASARR,5),INDEX(REASON_OTHER,5)),1,0)+IF(INDEX(REASON_OTHER,5)=MAX(INDEX(REASON_NO_BED,5),INDEX(REASON_BEHAVIOR,5),INDEX(REASON_SPECIAL_CARE,5),INDEX(REASON_FINANCIAL,5),INDEX(REASON_GUARDIANSHIP,5),INDEX(REASON_PASARR,5),INDEX(REASON_OTHER,5)),1,0))>1,"Tie (none largest)",IF(INDEX(REASON_NO_BED,5)=MAX(INDEX(REASON_NO_BED,5),INDEX(REASON_BEHAVIOR,5),INDEX(REASON_SPECIAL_CARE,5),INDEX(REASON_FINANCIAL,5),INDEX(REASON_GUARDIANSHIP,5),INDEX(REASON_PASARR,5),INDEX(REASON_OTHER,5)),"No bed",IF(INDEX(REASON_BEHAVIOR,5)=MAX(INDEX(REASON_NO_BED,5),INDEX(REASON_BEHAVIOR,5),INDEX(REASON_SPECIAL_CARE,5),INDEX(REASON_FINANCIAL,5),INDEX(REASON_GUARDIANSHIP,5),INDEX(REASON_PASARR,5),INDEX(REASON_OTHER,5)),"Behavior",IF(INDEX(REASON_SPECIAL_CARE,5)=MAX(INDEX(REASON_NO_BED,5),INDEX(REASON_BEHAVIOR,5),INDEX(REASON_SPECIAL_CARE,5),INDEX(REASON_FINANCIAL,5),INDEX(REASON_GUARDIANSHIP,5),INDEX(REASON_PASARR,5),INDEX(REASON_OTHER,5)),"Special care",IF(INDEX(REASON_FINANCIAL,5)=MAX(INDEX(REASON_NO_BED,5),INDEX(REASON_BEHAVIOR,5),INDEX(REASON_SPECIAL_CARE,5),INDEX(REASON_FINANCIAL,5),INDEX(REASON_GUARDIANSHIP,5),INDEX(REASON_PASARR,5),INDEX(REASON_OTHER,5)),"Financial",IF(INDEX(REASON_GUARDIANSHIP,5)=MAX(INDEX(REASON_NO_BED,5),INDEX(REASON_BEHAVIOR,5),INDEX(REASON_SPECIAL_CARE,5),INDEX(REASON_FINANCIAL,5),INDEX(REASON_GUARDIANSHIP,5),INDEX(REASON_PASARR,5),INDEX(REASON_OTHER,5)),"Guardianship",IF(INDEX(REASON_PASARR,5)=MAX(INDEX(REASON_NO_BED,5),INDEX(REASON_BEHAVIOR,5),INDEX(REASON_SPECIAL_CARE,5),INDEX(REASON_FINANCIAL,5),INDEX(REASON_GUARDIANSHIP,5),INDEX(REASON_PASARR,5),INDEX(REASON_OTHER,5)),"PASARR",IF(INDEX(REASON_OTHER,5)=MAX(INDEX(REASON_NO_BED,5),INDEX(REASON_BEHAVIOR,5),INDEX(REASON_SPECIAL_CARE,5),INDEX(REASON_FINANCIAL,5),INDEX(REASON_GUARDIANSHIP,5),INDEX(REASON_PASARR,5),INDEX(REASON_OTHER,5)),"Other","?")))))))) -> No bed | C23: =MAX(INDEX(REASON_NO_BED,5),INDEX(REASON_BEHAVIOR,5),INDEX(REASON_SPECIAL_CARE,5),INDEX(REASON_FINANCIAL,5),INDEX(REASON_GUARDIANSHIP,5),INDEX(REASON_PASARR,5),INDEX(REASON_OTHER,5)) -> 50 | D23: =IF(INDEX(REASON_NO_BED,5)=MAX(INDEX(REASON_NO_BED,5),INDEX(REASON_BEHAVIOR,5),INDEX(REASON_SPECIAL_CARE,5),INDEX(REASON_FINANCIAL,5),INDEX(REASON_GUARDIANSHIP,5),INDEX(REASON_PASARR,5),INDEX(REASON_OTHER,5)),1,0)+IF(INDEX(REASON_BEHAVIOR,5)=MAX(INDEX(REASON_NO_BED,5),INDEX(REASON_BEHAVIOR,5),INDEX(REASON_SPECIAL_CARE,5),INDEX(REASON_FINANCIAL,5),INDEX(REASON_GUARDIANSHIP,5),INDEX(REASON_PASARR,5),INDEX(REASON_OTHER,5)),1,0)+IF(INDEX(REASON_SPECIAL_CARE,5)=MAX(INDEX(REASON_NO_BED,5),INDEX(REASON_BEHAVIOR,5),INDEX(REASON_SPECIAL_CARE,5),INDEX(REASON_FINANCIAL,5),INDEX(REASON_GUARDIANSHIP,5),INDEX(REASON_PASARR,5),INDEX(REASON_OTHER,5)),1,0)+IF(INDEX(REASON_FINANCIAL,5)=MAX(INDEX(REASON_NO_BED,5),INDEX(REASON_BEHAVIOR,5),INDEX(REASON_SPECIAL_CARE,5),INDEX(REASON_FINANCIAL,5),INDEX(REASON_GUARDIANSHIP,5),INDEX(REASON_PASARR,5),INDEX(REASON_OTHER,5)),1,0)+IF(INDEX(REASON_GUARDIANSHIP,5)=MAX(INDEX(REASON_NO_BED,5),INDEX(REASON_BEHAVIOR,5),INDEX(REASON_SPECIAL_CARE,5),INDEX(REASON_FINANCIAL,5),INDEX(REASON_GUARDIANSHIP,5),INDEX(REASON_PASARR,5),INDEX(REASON_OTHER,5)),1,0)+IF(INDEX(REASON_PASARR,5)=MAX(INDEX(REASON_NO_BED,5),INDEX(REASON_BEHAVIOR,5),INDEX(REASON_SPECIAL_CARE,5),INDEX(REASON_FINANCIAL,5),INDEX(REASON_GUARDIANSHIP,5),INDEX(REASON_PASARR,5),INDEX(REASON_OTHER,5)),1,0)+IF(INDEX(REASON_OTHER,5)=MAX(INDEX(REASON_NO_BED,5),INDEX(REASON_BEHAVIOR,5),INDEX(REASON_SPECIAL_CARE,5),INDEX(REASON_FINANCIAL,5),INDEX(REASON_GUARDIANSHIP,5),INDEX(REASON_PASARR,5),INDEX(REASON_OTHER,5)),1,0) -> 1 | E23: =INDEX(REASON_SUM,5)<INDEX(DEC31_TOTAL,5) -> FALSE
A24: =INDEX(YEAR,6) -> 2022 | B24: =IF((IF(INDEX(REASON_NO_BED,6)=MAX(INDEX(REASON_NO_BED,6),INDEX(REASON_BEHAVIOR,6),INDEX(REASON_SPECIAL_CARE,6),INDEX(REASON_FINANCIAL,6),INDEX(REASON_GUARDIANSHIP,6),INDEX(REASON_PASARR,6),INDEX(REASON_OTHER,6)),1,0)+IF(INDEX(REASON_BEHAVIOR,6)=MAX(INDEX(REASON_NO_BED,6),INDEX(REASON_BEHAVIOR,6),INDEX(REASON_SPECIAL_CARE,6),INDEX(REASON_FINANCIAL,6),INDEX(REASON_GUARDIANSHIP,6),INDEX(REASON_PASARR,6),INDEX(REASON_OTHER,6)),1,0)+IF(INDEX(REASON_SPECIAL_CARE,6)=MAX(INDEX(REASON_NO_BED,6),INDEX(REASON_BEHAVIOR,6),INDEX(REASON_SPECIAL_CARE,6),INDEX(REASON_FINANCIAL,6),INDEX(REASON_GUARDIANSHIP,6),INDEX(REASON_PASARR,6),INDEX(REASON_OTHER,6)),1,0)+IF(INDEX(REASON_FINANCIAL,6)=MAX(INDEX(REASON_NO_BED,6),INDEX(REASON_BEHAVIOR,6),INDEX(REASON_SPECIAL_CARE,6),INDEX(REASON_FINANCIAL,6),INDEX(REASON_GUARDIANSHIP,6),INDEX(REASON_PASARR,6),INDEX(REASON_OTHER,6)),1,0)+IF(INDEX(REASON_GUARDIANSHIP,6)=MAX(INDEX(REASON_NO_BED,6),INDEX(REASON_BEHAVIOR,6),INDEX(REASON_SPECIAL_CARE,6),INDEX(REASON_FINANCIAL,6),INDEX(REASON_GUARDIANSHIP,6),INDEX(REASON_PASARR,6),INDEX(REASON_OTHER,6)),1,0)+IF(INDEX(REASON_PASARR,6)=MAX(INDEX(REASON_NO_BED,6),INDEX(REASON_BEHAVIOR,6),INDEX(REASON_SPECIAL_CARE,6),INDEX(REASON_FINANCIAL,6),INDEX(REASON_GUARDIANSHIP,6),INDEX(REASON_PASARR,6),INDEX(REASON_OTHER,6)),1,0)+IF(INDEX(REASON_OTHER,6)=MAX(INDEX(REASON_NO_BED,6),INDEX(REASON_BEHAVIOR,6),INDEX(REASON_SPECIAL_CARE,6),INDEX(REASON_FINANCIAL,6),INDEX(REASON_GUARDIANSHIP,6),INDEX(REASON_PASARR,6),INDEX(REASON_OTHER,6)),1,0))>1,"Tie (none largest)",IF(INDEX(REASON_NO_BED,6)=MAX(INDEX(REASON_NO_BED,6),INDEX(REASON_BEHAVIOR,6),INDEX(REASON_SPECIAL_CARE,6),INDEX(REASON_FINANCIAL,6),INDEX(REASON_GUARDIANSHIP,6),INDEX(REASON_PASARR,6),INDEX(REASON_OTHER,6)),"No bed",IF(INDEX(REASON_BEHAVIOR,6)=MAX(INDEX(REASON_NO_BED,6),INDEX(REASON_BEHAVIOR,6),INDEX(REASON_SPECIAL_CARE,6),INDEX(REASON_FINANCIAL,6),INDEX(REASON_GUARDIANSHIP,6),INDEX(REASON_PASARR,6),INDEX(REASON_OTHER,6)),"Behavior",IF(INDEX(REASON_SPECIAL_CARE,6)=MAX(INDEX(REASON_NO_BED,6),INDEX(REASON_BEHAVIOR,6),INDEX(REASON_SPECIAL_CARE,6),INDEX(REASON_FINANCIAL,6),INDEX(REASON_GUARDIANSHIP,6),INDEX(REASON_PASARR,6),INDEX(REASON_OTHER,6)),"Special care",IF(INDEX(REASON_FINANCIAL,6)=MAX(INDEX(REASON_NO_BED,6),INDEX(REASON_BEHAVIOR,6),INDEX(REASON_SPECIAL_CARE,6),INDEX(REASON_FINANCIAL,6),INDEX(REASON_GUARDIANSHIP,6),INDEX(REASON_PASARR,6),INDEX(REASON_OTHER,6)),"Financial",IF(INDEX(REASON_GUARDIANSHIP,6)=MAX(INDEX(REASON_NO_BED,6),INDEX(REASON_BEHAVIOR,6),INDEX(REASON_SPECIAL_CARE,6),INDEX(REASON_FINANCIAL,6),INDEX(REASON_GUARDIANSHIP,6),INDEX(REASON_PASARR,6),INDEX(REASON_OTHER,6)),"Guardianship",IF(INDEX(REASON_PASARR,6)=MAX(INDEX(REASON_NO_BED,6),INDEX(REASON_BEHAVIOR,6),INDEX(REASON_SPECIAL_CARE,6),INDEX(REASON_FINANCIAL,6),INDEX(REASON_GUARDIANSHIP,6),INDEX(REASON_PASARR,6),INDEX(REASON_OTHER,6)),"PASARR",IF(INDEX(REASON_OTHER,6)=MAX(INDEX(REASON_NO_BED,6),INDEX(REASON_BEHAVIOR,6),INDEX(REASON_SPECIAL_CARE,6),INDEX(REASON_FINANCIAL,6),INDEX(REASON_GUARDIANSHIP,6),INDEX(REASON_PASARR,6),INDEX(REASON_OTHER,6)),"Other","?")))))))) -> Financial | C24: =MAX(INDEX(REASON_NO_BED,6),INDEX(REASON_BEHAVIOR,6),INDEX(REASON_SPECIAL_CARE,6),INDEX(REASON_FINANCIAL,6),INDEX(REASON_GUARDIANSHIP,6),INDEX(REASON_PASARR,6),INDEX(REASON_OTHER,6)) -> 75 | D24: =IF(INDEX(REASON_NO_BED,6)=MAX(INDEX(REASON_NO_BED,6),INDEX(REASON_BEHAVIOR,6),INDEX(REASON_SPECIAL_CARE,6),INDEX(REASON_FINANCIAL,6),INDEX(REASON_GUARDIANSHIP,6),INDEX(REASON_PASARR,6),INDEX(REASON_OTHER,6)),1,0)+IF(INDEX(REASON_BEHAVIOR,6)=MAX(INDEX(REASON_NO_BED,6),INDEX(REASON_BEHAVIOR,6),INDEX(REASON_SPECIAL_CARE,6),INDEX(REASON_FINANCIAL,6),INDEX(REASON_GUARDIANSHIP,6),INDEX(REASON_PASARR,6),INDEX(REASON_OTHER,6)),1,0)+IF(INDEX(REASON_SPECIAL_CARE,6)=MAX(INDEX(REASON_NO_BED,6),INDEX(REASON_BEHAVIOR,6),INDEX(REASON_SPECIAL_CARE,6),INDEX(REASON_FINANCIAL,6),INDEX(REASON_GUARDIANSHIP,6),INDEX(REASON_PASARR,6),INDEX(REASON_OTHER,6)),1,0)+IF(INDEX(REASON_FINANCIAL,6)=MAX(INDEX(REASON_NO_BED,6),INDEX(REASON_BEHAVIOR,6),INDEX(REASON_SPECIAL_CARE,6),INDEX(REASON_FINANCIAL,6),INDEX(REASON_GUARDIANSHIP,6),INDEX(REASON_PASARR,6),INDEX(REASON_OTHER,6)),1,0)+IF(INDEX(REASON_GUARDIANSHIP,6)=MAX(INDEX(REASON_NO_BED,6),INDEX(REASON_BEHAVIOR,6),INDEX(REASON_SPECIAL_CARE,6),INDEX(REASON_FINANCIAL,6),INDEX(REASON_GUARDIANSHIP,6),INDEX(REASON_PASARR,6),INDEX(REASON_OTHER,6)),1,0)+IF(INDEX(REASON_PASARR,6)=MAX(INDEX(REASON_NO_BED,6),INDEX(REASON_BEHAVIOR,6),INDEX(REASON_SPECIAL_CARE,6),INDEX(REASON_FINANCIAL,6),INDEX(REASON_GUARDIANSHIP,6),INDEX(REASON_PASARR,6),INDEX(REASON_OTHER,6)),1,0)+IF(INDEX(REASON_OTHER,6)=MAX(INDEX(REASON_NO_BED,6),INDEX(REASON_BEHAVIOR,6),INDEX(REASON_SPECIAL_CARE,6),INDEX(REASON_FINANCIAL,6),INDEX(REASON_GUARDIANSHIP,6),INDEX(REASON_PASARR,6),INDEX(REASON_OTHER,6)),1,0) -> 1 | E24: =INDEX(REASON_SUM,6)<INDEX(DEC31_TOTAL,6) -> FALSE
A25: =INDEX(YEAR,7) -> 2023 | B25: =IF((IF(INDEX(REASON_NO_BED,7)=MAX(INDEX(REASON_NO_BED,7),INDEX(REASON_BEHAVIOR,7),INDEX(REASON_SPECIAL_CARE,7),INDEX(REASON_FINANCIAL,7),INDEX(REASON_GUARDIANSHIP,7),INDEX(REASON_PASARR,7),INDEX(REASON_OTHER,7)),1,0)+IF(INDEX(REASON_BEHAVIOR,7)=MAX(INDEX(REASON_NO_BED,7),INDEX(REASON_BEHAVIOR,7),INDEX(REASON_SPECIAL_CARE,7),INDEX(REASON_FINANCIAL,7),INDEX(REASON_GUARDIANSHIP,7),INDEX(REASON_PASARR,7),INDEX(REASON_OTHER,7)),1,0)+IF(INDEX(REASON_SPECIAL_CARE,7)=MAX(INDEX(REASON_NO_BED,7),INDEX(REASON_BEHAVIOR,7),INDEX(REASON_SPECIAL_CARE,7),INDEX(REASON_FINANCIAL,7),INDEX(REASON_GUARDIANSHIP,7),INDEX(REASON_PASARR,7),INDEX(REASON_OTHER,7)),1,0)+IF(INDEX(REASON_FINANCIAL,7)=MAX(INDEX(REASON_NO_BED,7),INDEX(REASON_BEHAVIOR,7),INDEX(REASON_SPECIAL_CARE,7),INDEX(REASON_FINANCIAL,7),INDEX(REASON_GUARDIANSHIP,7),INDEX(REASON_PASARR,7),INDEX(REASON_OTHER,7)),1,0)+IF(INDEX(REASON_GUARDIANSHIP,7)=MAX(INDEX(REASON_NO_BED,7),INDEX(REASON_BEHAVIOR,7),INDEX(REASON_SPECIAL_CARE,7),INDEX(REASON_FINANCIAL,7),INDEX(REASON_GUARDIANSHIP,7),INDEX(REASON_PASARR,7),INDEX(REASON_OTHER,7)),1,0)+IF(INDEX(REASON_PASARR,7)=MAX(INDEX(REASON_NO_BED,7),INDEX(REASON_BEHAVIOR,7),INDEX(REASON_SPECIAL_CARE,7),INDEX(REASON_FINANCIAL,7),INDEX(REASON_GUARDIANSHIP,7),INDEX(REASON_PASARR,7),INDEX(REASON_OTHER,7)),1,0)+IF(INDEX(REASON_OTHER,7)=MAX(INDEX(REASON_NO_BED,7),INDEX(REASON_BEHAVIOR,7),INDEX(REASON_SPECIAL_CARE,7),INDEX(REASON_FINANCIAL,7),INDEX(REASON_GUARDIANSHIP,7),INDEX(REASON_PASARR,7),INDEX(REASON_OTHER,7)),1,0))>1,"Tie (none largest)",IF(INDEX(REASON_NO_BED,7)=MAX(INDEX(REASON_NO_BED,7),INDEX(REASON_BEHAVIOR,7),INDEX(REASON_SPECIAL_CARE,7),INDEX(REASON_FINANCIAL,7),INDEX(REASON_GUARDIANSHIP,7),INDEX(REASON_PASARR,7),INDEX(REASON_OTHER,7)),"No bed",IF(INDEX(REASON_BEHAVIOR,7)=MAX(INDEX(REASON_NO_BED,7),INDEX(REASON_BEHAVIOR,7),INDEX(REASON_SPECIAL_CARE,7),INDEX(REASON_FINANCIAL,7),INDEX(REASON_GUARDIANSHIP,7),INDEX(REASON_PASARR,7),INDEX(REASON_OTHER,7)),"Behavior",IF(INDEX(REASON_SPECIAL_CARE,7)=MAX(INDEX(REASON_NO_BED,7),INDEX(REASON_BEHAVIOR,7),INDEX(REASON_SPECIAL_CARE,7),INDEX(REASON_FINANCIAL,7),INDEX(REASON_GUARDIANSHIP,7),INDEX(REASON_PASARR,7),INDEX(REASON_OTHER,7)),"Special care",IF(INDEX(REASON_FINANCIAL,7)=MAX(INDEX(REASON_NO_BED,7),INDEX(REASON_BEHAVIOR,7),INDEX(REASON_SPECIAL_CARE,7),INDEX(REASON_FINANCIAL,7),INDEX(REASON_GUARDIANSHIP,7),INDEX(REASON_PASARR,7),INDEX(REASON_OTHER,7)),"Financial",IF(INDEX(REASON_GUARDIANSHIP,7)=MAX(INDEX(REASON_NO_BED,7),INDEX(REASON_BEHAVIOR,7),INDEX(REASON_SPECIAL_CARE,7),INDEX(REASON_FINANCIAL,7),INDEX(REASON_GUARDIANSHIP,7),INDEX(REASON_PASARR,7),INDEX(REASON_OTHER,7)),"Guardianship",IF(INDEX(REASON_PASARR,7)=MAX(INDEX(REASON_NO_BED,7),INDEX(REASON_BEHAVIOR,7),INDEX(REASON_SPECIAL_CARE,7),INDEX(REASON_FINANCIAL,7),INDEX(REASON_GUARDIANSHIP,7),INDEX(REASON_PASARR,7),INDEX(REASON_OTHER,7)),"PASARR",IF(INDEX(REASON_OTHER,7)=MAX(INDEX(REASON_NO_BED,7),INDEX(REASON_BEHAVIOR,7),INDEX(REASON_SPECIAL_CARE,7),INDEX(REASON_FINANCIAL,7),INDEX(REASON_GUARDIANSHIP,7),INDEX(REASON_PASARR,7),INDEX(REASON_OTHER,7)),"Other","?")))))))) -> Behavior | C25: =MAX(INDEX(REASON_NO_BED,7),INDEX(REASON_BEHAVIOR,7),INDEX(REASON_SPECIAL_CARE,7),INDEX(REASON_FINANCIAL,7),INDEX(REASON_GUARDIANSHIP,7),INDEX(REASON_PASARR,7),INDEX(REASON_OTHER,7)) -> 48 | D25: =IF(INDEX(REASON_NO_BED,7)=MAX(INDEX(REASON_NO_BED,7),INDEX(REASON_BEHAVIOR,7),INDEX(REASON_SPECIAL_CARE,7),INDEX(REASON_FINANCIAL,7),INDEX(REASON_GUARDIANSHIP,7),INDEX(REASON_PASARR,7),INDEX(REASON_OTHER,7)),1,0)+IF(INDEX(REASON_BEHAVIOR,7)=MAX(INDEX(REASON_NO_BED,7),INDEX(REASON_BEHAVIOR,7),INDEX(REASON_SPECIAL_CARE,7),INDEX(REASON_FINANCIAL,7),INDEX(REASON_GUARDIANSHIP,7),INDEX(REASON_PASARR,7),INDEX(REASON_OTHER,7)),1,0)+IF(INDEX(REASON_SPECIAL_CARE,7)=MAX(INDEX(REASON_NO_BED,7),INDEX(REASON_BEHAVIOR,7),INDEX(REASON_SPECIAL_CARE,7),INDEX(REASON_FINANCIAL,7),INDEX(REASON_GUARDIANSHIP,7),INDEX(REASON_PASARR,7),INDEX(REASON_OTHER,7)),1,0)+IF(INDEX(REASON_FINANCIAL,7)=MAX(INDEX(REASON_NO_BED,7),INDEX(REASON_BEHAVIOR,7),INDEX(REASON_SPECIAL_CARE,7),INDEX(REASON_FINANCIAL,7),INDEX(REASON_GUARDIANSHIP,7),INDEX(REASON_PASARR,7),INDEX(REASON_OTHER,7)),1,0)+IF(INDEX(REASON_GUARDIANSHIP,7)=MAX(INDEX(REASON_NO_BED,7),INDEX(REASON_BEHAVIOR,7),INDEX(REASON_SPECIAL_CARE,7),INDEX(REASON_FINANCIAL,7),INDEX(REASON_GUARDIANSHIP,7),INDEX(REASON_PASARR,7),INDEX(REASON_OTHER,7)),1,0)+IF(INDEX(REASON_PASARR,7)=MAX(INDEX(REASON_NO_BED,7),INDEX(REASON_BEHAVIOR,7),INDEX(REASON_SPECIAL_CARE,7),INDEX(REASON_FINANCIAL,7),INDEX(REASON_GUARDIANSHIP,7),INDEX(REASON_PASARR,7),INDEX(REASON_OTHER,7)),1,0)+IF(INDEX(REASON_OTHER,7)=MAX(INDEX(REASON_NO_BED,7),INDEX(REASON_BEHAVIOR,7),INDEX(REASON_SPECIAL_CARE,7),INDEX(REASON_FINANCIAL,7),INDEX(REASON_GUARDIANSHIP,7),INDEX(REASON_PASARR,7),INDEX(REASON_OTHER,7)),1,0) -> 1 | E25: =INDEX(REASON_SUM,7)<INDEX(DEC31_TOTAL,7) -> FALSE
A26: =INDEX(YEAR,8) -> 2024 | B26: =IF((IF(INDEX(REASON_NO_BED,8)=MAX(INDEX(REASON_NO_BED,8),INDEX(REASON_BEHAVIOR,8),INDEX(REASON_SPECIAL_CARE,8),INDEX(REASON_FINANCIAL,8),INDEX(REASON_GUARDIANSHIP,8),INDEX(REASON_PASARR,8),INDEX(REASON_OTHER,8)),1,0)+IF(INDEX(REASON_BEHAVIOR,8)=MAX(INDEX(REASON_NO_BED,8),INDEX(REASON_BEHAVIOR,8),INDEX(REASON_SPECIAL_CARE,8),INDEX(REASON_FINANCIAL,8),INDEX(REASON_GUARDIANSHIP,8),INDEX(REASON_PASARR,8),INDEX(REASON_OTHER,8)),1,0)+IF(INDEX(REASON_SPECIAL_CARE,8)=MAX(INDEX(REASON_NO_BED,8),INDEX(REASON_BEHAVIOR,8),INDEX(REASON_SPECIAL_CARE,8),INDEX(REASON_FINANCIAL,8),INDEX(REASON_GUARDIANSHIP,8),INDEX(REASON_PASARR,8),INDEX(REASON_OTHER,8)),1,0)+IF(INDEX(REASON_FINANCIAL,8)=MAX(INDEX(REASON_NO_BED,8),INDEX(REASON_BEHAVIOR,8),INDEX(REASON_SPECIAL_CARE,8),INDEX(REASON_FINANCIAL,8),INDEX(REASON_GUARDIANSHIP,8),INDEX(REASON_PASARR,8),INDEX(REASON_OTHER,8)),1,0)+IF(INDEX(REASON_GUARDIANSHIP,8)=MAX(INDEX(REASON_NO_BED,8),INDEX(REASON_BEHAVIOR,8),INDEX(REASON_SPECIAL_CARE,8),INDEX(REASON_FINANCIAL,8),INDEX(REASON_GUARDIANSHIP,8),INDEX(REASON_PASARR,8),INDEX(REASON_OTHER,8)),1,0)+IF(INDEX(REASON_PASARR,8)=MAX(INDEX(REASON_NO_BED,8),INDEX(REASON_BEHAVIOR,8),INDEX(REASON_SPECIAL_CARE,8),INDEX(REASON_FINANCIAL,8),INDEX(REASON_GUARDIANSHIP,8),INDEX(REASON_PASARR,8),INDEX(REASON_OTHER,8)),1,0)+IF(INDEX(REASON_OTHER,8)=MAX(INDEX(REASON_NO_BED,8),INDEX(REASON_BEHAVIOR,8),INDEX(REASON_SPECIAL_CARE,8),INDEX(REASON_FINANCIAL,8),INDEX(REASON_GUARDIANSHIP,8),INDEX(REASON_PASARR,8),INDEX(REASON_OTHER,8)),1,0))>1,"Tie (none largest)",IF(INDEX(REASON_NO_BED,8)=MAX(INDEX(REASON_NO_BED,8),INDEX(REASON_BEHAVIOR,8),INDEX(REASON_SPECIAL_CARE,8),INDEX(REASON_FINANCIAL,8),INDEX(REASON_GUARDIANSHIP,8),INDEX(REASON_PASARR,8),INDEX(REASON_OTHER,8)),"No bed",IF(INDEX(REASON_BEHAVIOR,8)=MAX(INDEX(REASON_NO_BED,8),INDEX(REASON_BEHAVIOR,8),INDEX(REASON_SPECIAL_CARE,8),INDEX(REASON_FINANCIAL,8),INDEX(REASON_GUARDIANSHIP,8),INDEX(REASON_PASARR,8),INDEX(REASON_OTHER,8)),"Behavior",IF(INDEX(REASON_SPECIAL_CARE,8)=MAX(INDEX(REASON_NO_BED,8),INDEX(REASON_BEHAVIOR,8),INDEX(REASON_SPECIAL_CARE,8),INDEX(REASON_FINANCIAL,8),INDEX(REASON_GUARDIANSHIP,8),INDEX(REASON_PASARR,8),INDEX(REASON_OTHER,8)),"Special care",IF(INDEX(REASON_FINANCIAL,8)=MAX(INDEX(REASON_NO_BED,8),INDEX(REASON_BEHAVIOR,8),INDEX(REASON_SPECIAL_CARE,8),INDEX(REASON_FINANCIAL,8),INDEX(REASON_GUARDIANSHIP,8),INDEX(REASON_PASARR,8),INDEX(REASON_OTHER,8)),"Financial",IF(INDEX(REASON_GUARDIANSHIP,8)=MAX(INDEX(REASON_NO_BED,8),INDEX(REASON_BEHAVIOR,8),INDEX(REASON_SPECIAL_CARE,8),INDEX(REASON_FINANCIAL,8),INDEX(REASON_GUARDIANSHIP,8),INDEX(REASON_PASARR,8),INDEX(REASON_OTHER,8)),"Guardianship",IF(INDEX(REASON_PASARR,8)=MAX(INDEX(REASON_NO_BED,8),INDEX(REASON_BEHAVIOR,8),INDEX(REASON_SPECIAL_CARE,8),INDEX(REASON_FINANCIAL,8),INDEX(REASON_GUARDIANSHIP,8),INDEX(REASON_PASARR,8),INDEX(REASON_OTHER,8)),"PASARR",IF(INDEX(REASON_OTHER,8)=MAX(INDEX(REASON_NO_BED,8),INDEX(REASON_BEHAVIOR,8),INDEX(REASON_SPECIAL_CARE,8),INDEX(REASON_FINANCIAL,8),INDEX(REASON_GUARDIANSHIP,8),INDEX(REASON_PASARR,8),INDEX(REASON_OTHER,8)),"Other","?")))))))) -> Financial | C26: =MAX(INDEX(REASON_NO_BED,8),INDEX(REASON_BEHAVIOR,8),INDEX(REASON_SPECIAL_CARE,8),INDEX(REASON_FINANCIAL,8),INDEX(REASON_GUARDIANSHIP,8),INDEX(REASON_PASARR,8),INDEX(REASON_OTHER,8)) -> 60 | D26: =IF(INDEX(REASON_NO_BED,8)=MAX(INDEX(REASON_NO_BED,8),INDEX(REASON_BEHAVIOR,8),INDEX(REASON_SPECIAL_CARE,8),INDEX(REASON_FINANCIAL,8),INDEX(REASON_GUARDIANSHIP,8),INDEX(REASON_PASARR,8),INDEX(REASON_OTHER,8)),1,0)+IF(INDEX(REASON_BEHAVIOR,8)=MAX(INDEX(REASON_NO_BED,8),INDEX(REASON_BEHAVIOR,8),INDEX(REASON_SPECIAL_CARE,8),INDEX(REASON_FINANCIAL,8),INDEX(REASON_GUARDIANSHIP,8),INDEX(REASON_PASARR,8),INDEX(REASON_OTHER,8)),1,0)+IF(INDEX(REASON_SPECIAL_CARE,8)=MAX(INDEX(REASON_NO_BED,8),INDEX(REASON_BEHAVIOR,8),INDEX(REASON_SPECIAL_CARE,8),INDEX(REASON_FINANCIAL,8),INDEX(REASON_GUARDIANSHIP,8),INDEX(REASON_PASARR,8),INDEX(REASON_OTHER,8)),1,0)+IF(INDEX(REASON_FINANCIAL,8)=MAX(INDEX(REASON_NO_BED,8),INDEX(REASON_BEHAVIOR,8),INDEX(REASON_SPECIAL_CARE,8),INDEX(REASON_FINANCIAL,8),INDEX(REASON_GUARDIANSHIP,8),INDEX(REASON_PASARR,8),INDEX(REASON_OTHER,8)),1,0)+IF(INDEX(REASON_GUARDIANSHIP,8)=MAX(INDEX(REASON_NO_BED,8),INDEX(REASON_BEHAVIOR,8),INDEX(REASON_SPECIAL_CARE,8),INDEX(REASON_FINANCIAL,8),INDEX(REASON_GUARDIANSHIP,8),INDEX(REASON_PASARR,8),INDEX(REASON_OTHER,8)),1,0)+IF(INDEX(REASON_PASARR,8)=MAX(INDEX(REASON_NO_BED,8),INDEX(REASON_BEHAVIOR,8),INDEX(REASON_SPECIAL_CARE,8),INDEX(REASON_FINANCIAL,8),INDEX(REASON_GUARDIANSHIP,8),INDEX(REASON_PASARR,8),INDEX(REASON_OTHER,8)),1,0)+IF(INDEX(REASON_OTHER,8)=MAX(INDEX(REASON_NO_BED,8),INDEX(REASON_BEHAVIOR,8),INDEX(REASON_SPECIAL_CARE,8),INDEX(REASON_FINANCIAL,8),INDEX(REASON_GUARDIANSHIP,8),INDEX(REASON_PASARR,8),INDEX(REASON_OTHER,8)),1,0) -> 1 | E26: =INDEX(REASON_SUM,8)<INDEX(DEC31_TOTAL,8) -> FALSE
A27: Years no bed is largest (T3_YEARS) | B27: =COUNTIF(LARGEST_REASON,"No bed") -> 5 | C27: of 8 years, 2017 to 2024
A28: Verdict (T3_VERDICT) | B28: =IF(T3_YEARS>8/2,"Met","Not met") -> Met | C28: Met = more than half of 8 years (5 or more); a tie counts as not largest
A29: 2017 flag (FLAG_2017_INCOMPLETE) | B29: =FLAG_2017_INCOMPLETE -> TRUE | C29: 2017 is counted on its recorded reasons (120 of 157) and flagged
A31: The model reports each test's verdict. It does not rank or cost the options and does not choose between the add-on and the top-up.
A33: Side diagnostic: test 1 on counts (changes no verdict) | B33: Value | C33: Note
A34: Financial count change, Dec 2020 to Dec 2021 (T1_FIN_CHANGE_2021) | B34: =INDEX(REASON_FINANCIAL,MATCH(2021,YEAR,0))-INDEX(REASON_FINANCIAL,MATCH(2020,YEAR,0)) -> 13 | C34: patients, Dec 31
A35: Other six reasons change, Dec 2020 to Dec 2021 (T1_OTHER_CHANGE_2021) | B35: =(INDEX(REASON_SUM,MATCH(2021,YEAR,0))-INDEX(REASON_FINANCIAL,MATCH(2021,YEAR,0)))-(INDEX(REASON_SUM,MATCH(2020,YEAR,0))-INDEX(REASON_FINANCIAL,MATCH(2020,YEAR,0))) -> 32
A36: Financial count change, Dec 2023 to Dec 2024 (T1_FIN_CHANGE_2024) | B36: =INDEX(REASON_FINANCIAL,MATCH(2024,YEAR,0))-INDEX(REASON_FINANCIAL,MATCH(2023,YEAR,0)) -> 15
A37: Other six reasons change, Dec 2023 to Dec 2024 (T1_OTHER_CHANGE_2024) | B37: =(INDEX(REASON_SUM,MATCH(2024,YEAR,0))-INDEX(REASON_FINANCIAL,MATCH(2024,YEAR,0)))-(INDEX(REASON_SUM,MATCH(2023,YEAR,0))-INDEX(REASON_FINANCIAL,MATCH(2023,YEAR,0))) -> -33
A39: Side diagnostic: not a test; no verdict. Chosen on Sep 29, after the results were known (spec Conventions).

Sheet County
A1: County: days per patient and share of statewide waitlist days, 2023 and 2024 (reported as one row, not analyzed)
A3: County | B3: Days per patient 2023 | C3: Days per patient 2024 | D3: Share of days 2023 | E3: Share of days 2024
A4: =INDEX(COUNTY,1) -> Hawaii | B4: =INDEX(CTY_DAYS,1,1)/INDEX(CTY_PATIENTS,1,1) -> 26.711162 | C4: =INDEX(CTY_DAYS,1,2)/INDEX(CTY_PATIENTS,1,2) -> 27.749656 | D4: =INDEX(CTY_DAYS,1,1)/INDEX(WL_DAYS,MATCH(2023,YEAR,0)) -> 0.2793362 | E4: =INDEX(CTY_DAYS,1,2)/INDEX(WL_DAYS,MATCH(2024,YEAR,0)) -> 0.33139497
A5: =INDEX(COUNTY,2) -> Honolulu | B5: =INDEX(CTY_DAYS,2,1)/INDEX(CTY_PATIENTS,2,1) -> 17.88337 | C5: =INDEX(CTY_DAYS,2,2)/INDEX(CTY_PATIENTS,2,2) -> 13.83527 | D5: =INDEX(CTY_DAYS,2,1)/INDEX(WL_DAYS,MATCH(2023,YEAR,0)) -> 0.48530031 | E5: =INDEX(CTY_DAYS,2,2)/INDEX(WL_DAYS,MATCH(2024,YEAR,0)) -> 0.44976674
A6: =INDEX(COUNTY,3) -> Kauai | B6: =INDEX(CTY_DAYS,3,1)/INDEX(CTY_PATIENTS,3,1) -> 20 | C6: =INDEX(CTY_DAYS,3,2)/INDEX(CTY_PATIENTS,3,2) -> 30.109375 | D6: =INDEX(CTY_DAYS,3,1)/INDEX(WL_DAYS,MATCH(2023,YEAR,0)) -> 0.020698702 | E6: =INDEX(CTY_DAYS,3,2)/INDEX(WL_DAYS,MATCH(2024,YEAR,0)) -> 0.031654511
A7: =INDEX(COUNTY,4) -> Maui | B7: =INDEX(CTY_DAYS,4,1)/INDEX(CTY_PATIENTS,4,1) -> 44.595 | C7: =INDEX(CTY_DAYS,4,2)/INDEX(CTY_PATIENTS,4,2) -> 32.280453 | D7: =INDEX(CTY_DAYS,4,1)/INDEX(WL_DAYS,MATCH(2023,YEAR,0)) -> 0.21466479 | E7: =INDEX(CTY_DAYS,4,2)/INDEX(WL_DAYS,MATCH(2024,YEAR,0)) -> 0.18718378
A8: Total share | D8: =INDEX(CTY_DAY_SHARE,1,1)+INDEX(CTY_DAY_SHARE,2,1)+INDEX(CTY_DAY_SHARE,3,1)+INDEX(CTY_DAY_SHARE,4,1) -> 1 | E8: =INDEX(CTY_DAY_SHARE,1,2)+INDEX(CTY_DAY_SHARE,2,2)+INDEX(CTY_DAY_SHARE,3,2)+INDEX(CTY_DAY_SHARE,4,2) -> 1
A10: County = the county of the reporting hospital (Table 18 hospital rows summed).

Sheet Capacity
A1: Capacity: excess beds against unstaffed long-term-care beds, 2017 to 2024 (a scale comparison, not a sizing)
A3: Year | B3: Excess beds (average day) | C3: Unstaffed LTC beds, Dec 31 | D3: Unstaffed beds per excess bed (CAP_RATIO)
A4: =INDEX(YEAR,1) -> 2017 | B4: =INDEX(EXCESS_BEDS,1) -> 0 | C4: =INDEX(LTC_UNSTAFFED,1) -> 128 | D4: =IF(INDEX(EXCESS_BEDS,1)=0,"",INDEX(LTC_UNSTAFFED,1)/INDEX(EXCESS_BEDS,1))
A5: =INDEX(YEAR,2) -> 2018 | B5: =INDEX(EXCESS_BEDS,2) -> 0 | C5: =INDEX(LTC_UNSTAFFED,2) -> 160 | D5: =IF(INDEX(EXCESS_BEDS,2)=0,"",INDEX(LTC_UNSTAFFED,2)/INDEX(EXCESS_BEDS,2))
A6: =INDEX(YEAR,3) -> 2019 | B6: =INDEX(EXCESS_BEDS,3) -> 32.468493 | C6: =INDEX(LTC_UNSTAFFED,3) -> 248 | D6: =IF(INDEX(EXCESS_BEDS,3)=0,"",INDEX(LTC_UNSTAFFED,3)/INDEX(EXCESS_BEDS,3)) -> 7.638174
A7: =INDEX(YEAR,4) -> 2020 | B7: =INDEX(EXCESS_BEDS,4) -> 0 | C7: =INDEX(LTC_UNSTAFFED,4) -> 462 | D7: =IF(INDEX(EXCESS_BEDS,4)=0,"",INDEX(LTC_UNSTAFFED,4)/INDEX(EXCESS_BEDS,4))
A8: =INDEX(YEAR,5) -> 2021 | B8: =INDEX(EXCESS_BEDS,5) -> 0 | C8: =INDEX(LTC_UNSTAFFED,5) -> 614 | D8: =IF(INDEX(EXCESS_BEDS,5)=0,"",INDEX(LTC_UNSTAFFED,5)/INDEX(EXCESS_BEDS,5))
A9: =INDEX(YEAR,6) -> 2022 | B9: =INDEX(EXCESS_BEDS,6) -> 74.046575 | C9: =INDEX(LTC_UNSTAFFED,6) -> 661 | D9: =IF(INDEX(EXCESS_BEDS,6)=0,"",INDEX(LTC_UNSTAFFED,6)/INDEX(EXCESS_BEDS,6)) -> 8.9268139
A10: =INDEX(YEAR,7) -> 2023 | B10: =INDEX(EXCESS_BEDS,7) -> 89.19726 | C10: =INDEX(LTC_UNSTAFFED,7) -> 510 | D10: =IF(INDEX(EXCESS_BEDS,7)=0,"",INDEX(LTC_UNSTAFFED,7)/INDEX(EXCESS_BEDS,7)) -> 5.7176644
A11: =INDEX(YEAR,8) -> 2024 | B11: =INDEX(EXCESS_BEDS,8) -> 46.868852 | C11: =INDEX(LTC_UNSTAFFED,8) -> 548 | D11: =IF(INDEX(EXCESS_BEDS,8)=0,"",INDEX(LTC_UNSTAFFED,8)/INDEX(EXCESS_BEDS,8)) -> 11.6922
A13: Unstaffed for lack of staff, Dec 31, 2024 | C13: =LTC_UNSTAFFED_STAFF_2024 -> 353
A14: Per excess bed, 2024 (CAP_RATIO_STAFF_2024) | D14: =IF(INDEX(EXCESS_BEDS,MATCH(2024,YEAR,0))=0,"",LTC_UNSTAFFED_STAFF_2024/INDEX(EXCESS_BEDS,MATCH(2024,YEAR,0))) -> 7.5316544
A16: Blank where a year has no excess beds (no division by zero).
A17: Limits (spec Conventions, Capacity comparison):
A18: (1) Excess beds cover the acute waitlist across all levels of care on an average day; unstaffed beds are long-term-care beds on Dec 31. Not a bed-for-bed match.
A19: (2) Reopening beds idle for lack of staff is a workforce lever outside the scope; the capacity option is new transitional capacity.
A20: (3) Excess days are a lower bound, so excess beds are too.

Sheet Conditions
A1: Conditions: condition (a), cost at the gross CMS SNF market basket against the rate at its post-reset pace
A3: Fiscal year | B3: MB_GROSS | C3: Cost carried forward (COST_FWD) | D3: Rate (RATE_FWD) | E3: Gap, 1 - rate / cost (COND_A_GAP)
A4: FY2023 (published median) | C4: =INDEX(NF_COST_MCD_HEAVY,MATCH(2023,COST_FY,0)) -> 461.79
A5: FY2024 | B5: =INDEX(MB_GROSS,1) -> 0.03 | C5: =INDEX(NF_COST_MCD_HEAVY,MATCH(2023,COST_FY,0))*(1+INDEX(MB_GROSS,1)) -> 475.6437
A6: FY2025 | B6: =INDEX(MB_GROSS,2) -> 0.03 | C6: =INDEX(NF_COST_MCD_HEAVY,MATCH(2023,COST_FY,0))*(1+INDEX(MB_GROSS,1))*(1+INDEX(MB_GROSS,2)) -> 489.91301
A7: FY2026 | B7: =INDEX(MB_GROSS,3) -> 0.033 | C7: =INDEX(NF_COST_MCD_HEAVY,MATCH(2023,COST_FY,0))*(1+INDEX(MB_GROSS,1))*(1+INDEX(MB_GROSS,2))*(1+INDEX(MB_GROSS,3)) -> 506.08014 | D7: =INDEX(NF_RATE_MEDIAN,MATCH(DATE(2026,1,1),RATE_DATE,0)) -> 495.26 | E7: =1-INDEX(RATE_FWD,1)/INDEX(COST_FWD,3) -> 0.02138029
A8: FY2027 | B8: =INDEX(MB_GROSS,4) -> 0.033 | C8: =INDEX(NF_COST_MCD_HEAVY,MATCH(2023,COST_FY,0))*(1+INDEX(MB_GROSS,1))*(1+INDEX(MB_GROSS,2))*(1+INDEX(MB_GROSS,3))*(1+INDEX(MB_GROSS,4)) -> 522.78078 | D8: =INDEX(NF_RATE_MEDIAN,MATCH(DATE(2026,1,1),RATE_DATE,0))*(1+RATE_GROWTH_2024_2026) -> 502.11473 | E8: =1-INDEX(RATE_FWD,2)/INDEX(COST_FWD,4) -> 0.039531016
A10: Post-reset rate pace, Jan 2024 to Jan 2026 (RATE_GROWTH_2024_2026) | B10: =(INDEX(NF_RATE_MEDIAN,MATCH(DATE(2026,1,1),RATE_DATE,0))/INDEX(NF_RATE_MEDIAN,MATCH(DATE(2024,1,1),RATE_DATE,0)))^(1/2)-1 -> 0.013840669 | C10: a year, compounded over two years
A12: Rate for FY2026 = the January 2026 median; FY2027 carries it forward at the post-reset pace.
A13: Cost is dated July 1 of the fiscal year and the rate January: a half-year mismatch.
A14: The market basket is a national Medicare index standing in for Hawaii nursing-home cost growth.
A15: Not a forecast; the model does not rank or cost the options (spec Conventions, Condition (a)).

Sheet FigureData
A1: FigureData: the exact series each figure plots (figures are drawn from these cells)
A3: Figure a: days per patient against the 14-day benchmark
A4: Year | B4: Plot date (July 1) | C4: Days per patient | D4: Benchmark (days) | E4: COVID year
A5: =INDEX(YEAR,1) -> 2017 | B5: =DATE(INDEX(YEAR,1),7,1) -> 42917 | C5: =INDEX(DAYS_PER_PT,1) -> 9.9353483 | D5: =BENCH_DAYS -> 14 | E5: =INDEX(COVID_FLAG,1) -> FALSE
A6: =INDEX(YEAR,2) -> 2018 | B6: =DATE(INDEX(YEAR,2),7,1) -> 43282 | C6: =INDEX(DAYS_PER_PT,2) -> 12.484133 | D6: =BENCH_DAYS -> 14 | E6: =INDEX(COVID_FLAG,2) -> FALSE
A7: =INDEX(YEAR,3) -> 2019 | B7: =DATE(INDEX(YEAR,3),7,1) -> 43647 | C7: =INDEX(DAYS_PER_PT,3) -> 16.474113 | D7: =BENCH_DAYS -> 14 | E7: =INDEX(COVID_FLAG,3) -> FALSE
A8: =INDEX(YEAR,4) -> 2020 | B8: =DATE(INDEX(YEAR,4),7,1) -> 44013 | C8: =INDEX(DAYS_PER_PT,4) -> 12.58445 | D8: =BENCH_DAYS -> 14 | E8: =INDEX(COVID_FLAG,4) -> TRUE
A9: =INDEX(YEAR,5) -> 2021 | B9: =DATE(INDEX(YEAR,5),7,1) -> 44378 | C9: =INDEX(DAYS_PER_PT,5) -> 12.187944 | D9: =BENCH_DAYS -> 14 | E9: =INDEX(COVID_FLAG,5) -> TRUE
A10: =INDEX(YEAR,6) -> 2022 | B10: =DATE(INDEX(YEAR,6),7,1) -> 44743 | C10: =INDEX(DAYS_PER_PT,6) -> 21.342298 | D10: =BENCH_DAYS -> 14 | E10: =INDEX(COVID_FLAG,6) -> FALSE
A11: =INDEX(YEAR,7) -> 2023 | B11: =DATE(INDEX(YEAR,7),7,1) -> 45108 | C11: =INDEX(DAYS_PER_PT,7) -> 23.01856 | D11: =BENCH_DAYS -> 14 | E11: =INDEX(COVID_FLAG,7) -> FALSE
A12: =INDEX(YEAR,8) -> 2024 | B12: =DATE(INDEX(YEAR,8),7,1) -> 45474 | C12: =INDEX(DAYS_PER_PT,8) -> 19.492795 | D12: =BENCH_DAYS -> 14 | E12: =INDEX(COVID_FLAG,8) -> FALSE
A14: Rate events (figures a and c)
A15: Event | B15: Date
A16: 12% adjustment for private homes | B16: =DATE_ADJ_2021 -> 44209
A17: Rate reset | B17: =DATE_RESET_2024 -> 45292
A19: Figure b: Dec 31 reason shares (of recorded reasons)
A20: Year | B20: No bed | C20: Behavior | D20: Special care | E20: Financial | F20: Guardianship | G20: PASARR | H20: Other | I20: Bar label
A21: =INDEX(YEAR,1) -> 2017 | B21: =INDEX(SHARE_NO_BED,1) -> 0.325 | C21: =INDEX(SHARE_BEHAVIOR,1) -> 0.13333333 | D21: =INDEX(SHARE_SPECIAL_CARE,1) -> 0.19166667 | E21: =INDEX(SHARE_FINANCIAL,1) -> 0.15 | F21: =INDEX(SHARE_GUARDIANSHIP,1) -> 0.091666667 | G21: =INDEX(SHARE_PASARR,1) -> 0.016666667 | H21: =INDEX(SHARE_OTHER,1) -> 0.091666667 | I21: =IF(INDEX(REASON_SUM,1)<INDEX(DEC31_TOTAL,1),"recorded reasons only ("&INDEX(REASON_SUM,1)&" of "&INDEX(DEC31_TOTAL,1)&")","") -> recorded reasons only (120 of 157)
A22: =INDEX(YEAR,2) -> 2018 | B22: =INDEX(SHARE_NO_BED,2) -> 0.33333333 | C22: =INDEX(SHARE_BEHAVIOR,2) -> 0.16959064 | D22: =INDEX(SHARE_SPECIAL_CARE,2) -> 0.099415205 | E22: =INDEX(SHARE_FINANCIAL,2) -> 0.18128655 | F22: =INDEX(SHARE_GUARDIANSHIP,2) -> 0.10526316 | G22: =INDEX(SHARE_PASARR,2) -> 0.011695906 | H22: =INDEX(SHARE_OTHER,2) -> 0.099415205 | I22: =IF(INDEX(REASON_SUM,2)<INDEX(DEC31_TOTAL,2),"recorded reasons only ("&INDEX(REASON_SUM,2)&" of "&INDEX(DEC31_TOTAL,2)&")","")
A23: =INDEX(YEAR,3) -> 2019 | B23: =INDEX(SHARE_NO_BED,3) -> 0.39130435 | C23: =INDEX(SHARE_BEHAVIOR,3) -> 0.14673913 | D23: =INDEX(SHARE_SPECIAL_CARE,3) -> 0.11413043 | E23: =INDEX(SHARE_FINANCIAL,3) -> 0.17391304 | F23: =INDEX(SHARE_GUARDIANSHIP,3) -> 0.14130435 | G23: =INDEX(SHARE_PASARR,3) -> 0 | H23: =INDEX(SHARE_OTHER,3) -> 0.032608696 | I23: =IF(INDEX(REASON_SUM,3)<INDEX(DEC31_TOTAL,3),"recorded reasons only ("&INDEX(REASON_SUM,3)&" of "&INDEX(DEC31_TOTAL,3)&")","")
A24: =INDEX(YEAR,4) -> 2020 | B24: =INDEX(SHARE_NO_BED,4) -> 0.28472222 | C24: =INDEX(SHARE_BEHAVIOR,4) -> 0.16666667 | D24: =INDEX(SHARE_SPECIAL_CARE,4) -> 0.15277778 | E24: =INDEX(SHARE_FINANCIAL,4) -> 0.20833333 | F24: =INDEX(SHARE_GUARDIANSHIP,4) -> 0.10416667 | G24: =INDEX(SHARE_PASARR,4) -> 0 | H24: =INDEX(SHARE_OTHER,4) -> 0.083333333 | I24: =IF(INDEX(REASON_SUM,4)<INDEX(DEC31_TOTAL,4),"recorded reasons only ("&INDEX(REASON_SUM,4)&" of "&INDEX(DEC31_TOTAL,4)&")","")
A25: =INDEX(YEAR,5) -> 2021 | B25: =INDEX(SHARE_NO_BED,5) -> 0.26455026 | C25: =INDEX(SHARE_BEHAVIOR,5) -> 0.19047619 | D25: =INDEX(SHARE_SPECIAL_CARE,5) -> 0.11640212 | E25: =INDEX(SHARE_FINANCIAL,5) -> 0.22751323 | F25: =INDEX(SHARE_GUARDIANSHIP,5) -> 0.10582011 | G25: =INDEX(SHARE_PASARR,5) -> 0 | H25: =INDEX(SHARE_OTHER,5) -> 0.095238095 | I25: =IF(INDEX(REASON_SUM,5)<INDEX(DEC31_TOTAL,5),"recorded reasons only ("&INDEX(REASON_SUM,5)&" of "&INDEX(DEC31_TOTAL,5)&")","")
A26: =INDEX(YEAR,6) -> 2022 | B26: =INDEX(SHARE_NO_BED,6) -> 0.228 | C26: =INDEX(SHARE_BEHAVIOR,6) -> 0.14 | D26: =INDEX(SHARE_SPECIAL_CARE,6) -> 0.156 | E26: =INDEX(SHARE_FINANCIAL,6) -> 0.3 | F26: =INDEX(SHARE_GUARDIANSHIP,6) -> 0.116 | G26: =INDEX(SHARE_PASARR,6) -> 0.02 | H26: =INDEX(SHARE_OTHER,6) -> 0.04 | I26: =IF(INDEX(REASON_SUM,6)<INDEX(DEC31_TOTAL,6),"recorded reasons only ("&INDEX(REASON_SUM,6)&" of "&INDEX(DEC31_TOTAL,6)&")","")
A27: =INDEX(YEAR,7) -> 2023 | B27: =INDEX(SHARE_NO_BED,7) -> 0.21989529 | C27: =INDEX(SHARE_BEHAVIOR,7) -> 0.2513089 | D27: =INDEX(SHARE_SPECIAL_CARE,7) -> 0.13612565 | E27: =INDEX(SHARE_FINANCIAL,7) -> 0.23560209 | F27: =INDEX(SHARE_GUARDIANSHIP,7) -> 0.14659686 | G27: =INDEX(SHARE_PASARR,7) -> 0.0052356021 | H27: =INDEX(SHARE_OTHER,7) -> 0.0052356021 | I27: =IF(INDEX(REASON_SUM,7)<INDEX(DEC31_TOTAL,7),"recorded reasons only ("&INDEX(REASON_SUM,7)&" of "&INDEX(DEC31_TOTAL,7)&")","")
A28: =INDEX(YEAR,8) -> 2024 | B28: =INDEX(SHARE_NO_BED,8) -> 0.17919075 | C28: =INDEX(SHARE_BEHAVIOR,8) -> 0.16763006 | D28: =INDEX(SHARE_SPECIAL_CARE,8) -> 0.10404624 | E28: =INDEX(SHARE_FINANCIAL,8) -> 0.34682081 | F28: =INDEX(SHARE_GUARDIANSHIP,8) -> 0.17919075 | G28: =INDEX(SHARE_PASARR,8) -> 0 | H28: =INDEX(SHARE_OTHER,8) -> 0.023121387 | I28: =IF(INDEX(REASON_SUM,8)<INDEX(DEC31_TOTAL,8),"recorded reasons only ("&INDEX(REASON_SUM,8)&" of "&INDEX(DEC31_TOTAL,8)&")","")
A30: Test 1 windows (figure b shading)
A31: Window | B31: From (Dec 31) | C31: To (Dec 31)
A32: Across the 12% adjustment | B32: =YEAR(DATE_ADJ_2021)-1 -> 2020 | C32: =YEAR(DATE_ADJ_2021) -> 2021
A33: Across the reset | B33: =YEAR(DATE_RESET_2024)-1 -> 2023 | C33: =YEAR(DATE_RESET_2024) -> 2024
A35: Figure c (rate): median nursing-facility rate at each scheduled January/July memo slot; blank = missing memo or no median
A36: Slot (effective month) | B36: Median rate | C36: Status
A37: =DATE(2016,1,1) -> 42370 | B37: =IF(ISNA(MATCH(A37,RATE_DATE,0)),"",IF(INDEX(NF_RATE_MEDIAN,MATCH(A37,RATE_DATE,0))="","",INDEX(NF_RATE_MEDIAN,MATCH(A37,RATE_DATE,0)))) -> 246.97 | C37: =IF(ISNA(MATCH(A37,RATE_DATE,0)),"missing memo",IF(INDEX(NF_RATE_MEDIAN,MATCH(A37,RATE_DATE,0))="","no median",""))
A38: =DATE(2016,7,1) -> 42552 | B38: =IF(ISNA(MATCH(A38,RATE_DATE,0)),"",IF(INDEX(NF_RATE_MEDIAN,MATCH(A38,RATE_DATE,0))="","",INDEX(NF_RATE_MEDIAN,MATCH(A38,RATE_DATE,0)))) -> 252.4 | C38: =IF(ISNA(MATCH(A38,RATE_DATE,0)),"missing memo",IF(INDEX(NF_RATE_MEDIAN,MATCH(A38,RATE_DATE,0))="","no median",""))
A39: =DATE(2017,1,1) -> 42736 | B39: =IF(ISNA(MATCH(A39,RATE_DATE,0)),"",IF(INDEX(NF_RATE_MEDIAN,MATCH(A39,RATE_DATE,0))="","",INDEX(NF_RATE_MEDIAN,MATCH(A39,RATE_DATE,0)))) -> 251.93 | C39: =IF(ISNA(MATCH(A39,RATE_DATE,0)),"missing memo",IF(INDEX(NF_RATE_MEDIAN,MATCH(A39,RATE_DATE,0))="","no median",""))
A40: =DATE(2017,7,1) -> 42917 | B40: =IF(ISNA(MATCH(A40,RATE_DATE,0)),"",IF(INDEX(NF_RATE_MEDIAN,MATCH(A40,RATE_DATE,0))="","",INDEX(NF_RATE_MEDIAN,MATCH(A40,RATE_DATE,0)))) -> 261.45 | C40: =IF(ISNA(MATCH(A40,RATE_DATE,0)),"missing memo",IF(INDEX(NF_RATE_MEDIAN,MATCH(A40,RATE_DATE,0))="","no median",""))
A41: =DATE(2018,1,1) -> 43101 | B41: =IF(ISNA(MATCH(A41,RATE_DATE,0)),"",IF(INDEX(NF_RATE_MEDIAN,MATCH(A41,RATE_DATE,0))="","",INDEX(NF_RATE_MEDIAN,MATCH(A41,RATE_DATE,0)))) | C41: =IF(ISNA(MATCH(A41,RATE_DATE,0)),"missing memo",IF(INDEX(NF_RATE_MEDIAN,MATCH(A41,RATE_DATE,0))="","no median","")) -> missing memo
A42: =DATE(2018,7,1) -> 43282 | B42: =IF(ISNA(MATCH(A42,RATE_DATE,0)),"",IF(INDEX(NF_RATE_MEDIAN,MATCH(A42,RATE_DATE,0))="","",INDEX(NF_RATE_MEDIAN,MATCH(A42,RATE_DATE,0)))) -> 270.66 | C42: =IF(ISNA(MATCH(A42,RATE_DATE,0)),"missing memo",IF(INDEX(NF_RATE_MEDIAN,MATCH(A42,RATE_DATE,0))="","no median",""))
A43: =DATE(2019,1,1) -> 43466 | B43: =IF(ISNA(MATCH(A43,RATE_DATE,0)),"",IF(INDEX(NF_RATE_MEDIAN,MATCH(A43,RATE_DATE,0))="","",INDEX(NF_RATE_MEDIAN,MATCH(A43,RATE_DATE,0)))) -> 270.15 | C43: =IF(ISNA(MATCH(A43,RATE_DATE,0)),"missing memo",IF(INDEX(NF_RATE_MEDIAN,MATCH(A43,RATE_DATE,0))="","no median",""))
A44: =DATE(2019,7,1) -> 43647 | B44: =IF(ISNA(MATCH(A44,RATE_DATE,0)),"",IF(INDEX(NF_RATE_MEDIAN,MATCH(A44,RATE_DATE,0))="","",INDEX(NF_RATE_MEDIAN,MATCH(A44,RATE_DATE,0)))) | C44: =IF(ISNA(MATCH(A44,RATE_DATE,0)),"missing memo",IF(INDEX(NF_RATE_MEDIAN,MATCH(A44,RATE_DATE,0))="","no median","")) -> no median
A45: =DATE(2020,1,1) -> 43831 | B45: =IF(ISNA(MATCH(A45,RATE_DATE,0)),"",IF(INDEX(NF_RATE_MEDIAN,MATCH(A45,RATE_DATE,0))="","",INDEX(NF_RATE_MEDIAN,MATCH(A45,RATE_DATE,0)))) | C45: =IF(ISNA(MATCH(A45,RATE_DATE,0)),"missing memo",IF(INDEX(NF_RATE_MEDIAN,MATCH(A45,RATE_DATE,0))="","no median","")) -> missing memo
A46: =DATE(2020,7,1) -> 44013 | B46: =IF(ISNA(MATCH(A46,RATE_DATE,0)),"",IF(INDEX(NF_RATE_MEDIAN,MATCH(A46,RATE_DATE,0))="","",INDEX(NF_RATE_MEDIAN,MATCH(A46,RATE_DATE,0)))) -> 282.98 | C46: =IF(ISNA(MATCH(A46,RATE_DATE,0)),"missing memo",IF(INDEX(NF_RATE_MEDIAN,MATCH(A46,RATE_DATE,0))="","no median",""))
A47: =DATE(2021,1,1) -> 44197 | B47: =IF(ISNA(MATCH(A47,RATE_DATE,0)),"",IF(INDEX(NF_RATE_MEDIAN,MATCH(A47,RATE_DATE,0))="","",INDEX(NF_RATE_MEDIAN,MATCH(A47,RATE_DATE,0)))) | C47: =IF(ISNA(MATCH(A47,RATE_DATE,0)),"missing memo",IF(INDEX(NF_RATE_MEDIAN,MATCH(A47,RATE_DATE,0))="","no median","")) -> missing memo
A48: =DATE(2021,7,1) -> 44378 | B48: =IF(ISNA(MATCH(A48,RATE_DATE,0)),"",IF(INDEX(NF_RATE_MEDIAN,MATCH(A48,RATE_DATE,0))="","",INDEX(NF_RATE_MEDIAN,MATCH(A48,RATE_DATE,0)))) -> 334.75 | C48: =IF(ISNA(MATCH(A48,RATE_DATE,0)),"missing memo",IF(INDEX(NF_RATE_MEDIAN,MATCH(A48,RATE_DATE,0))="","no median",""))
A49: =DATE(2022,1,1) -> 44562 | B49: =IF(ISNA(MATCH(A49,RATE_DATE,0)),"",IF(INDEX(NF_RATE_MEDIAN,MATCH(A49,RATE_DATE,0))="","",INDEX(NF_RATE_MEDIAN,MATCH(A49,RATE_DATE,0)))) -> 332.59 | C49: =IF(ISNA(MATCH(A49,RATE_DATE,0)),"missing memo",IF(INDEX(NF_RATE_MEDIAN,MATCH(A49,RATE_DATE,0))="","no median",""))
A50: =DATE(2022,7,1) -> 44743 | B50: =IF(ISNA(MATCH(A50,RATE_DATE,0)),"",IF(INDEX(NF_RATE_MEDIAN,MATCH(A50,RATE_DATE,0))="","",INDEX(NF_RATE_MEDIAN,MATCH(A50,RATE_DATE,0)))) | C50: =IF(ISNA(MATCH(A50,RATE_DATE,0)),"missing memo",IF(INDEX(NF_RATE_MEDIAN,MATCH(A50,RATE_DATE,0))="","no median","")) -> missing memo
A51: =DATE(2023,1,1) -> 44927 | B51: =IF(ISNA(MATCH(A51,RATE_DATE,0)),"",IF(INDEX(NF_RATE_MEDIAN,MATCH(A51,RATE_DATE,0))="","",INDEX(NF_RATE_MEDIAN,MATCH(A51,RATE_DATE,0)))) -> 355.11 | C51: =IF(ISNA(MATCH(A51,RATE_DATE,0)),"missing memo",IF(INDEX(NF_RATE_MEDIAN,MATCH(A51,RATE_DATE,0))="","no median",""))
A52: =DATE(2023,7,1) -> 45108 | B52: =IF(ISNA(MATCH(A52,RATE_DATE,0)),"",IF(INDEX(NF_RATE_MEDIAN,MATCH(A52,RATE_DATE,0))="","",INDEX(NF_RATE_MEDIAN,MATCH(A52,RATE_DATE,0)))) -> 371.99 | C52: =IF(ISNA(MATCH(A52,RATE_DATE,0)),"missing memo",IF(INDEX(NF_RATE_MEDIAN,MATCH(A52,RATE_DATE,0))="","no median",""))
A53: =DATE(2024,1,1) -> 45292 | B53: =IF(ISNA(MATCH(A53,RATE_DATE,0)),"",IF(INDEX(NF_RATE_MEDIAN,MATCH(A53,RATE_DATE,0))="","",INDEX(NF_RATE_MEDIAN,MATCH(A53,RATE_DATE,0)))) -> 481.83 | C53: =IF(ISNA(MATCH(A53,RATE_DATE,0)),"missing memo",IF(INDEX(NF_RATE_MEDIAN,MATCH(A53,RATE_DATE,0))="","no median",""))
A54: =DATE(2024,7,1) -> 45474 | B54: =IF(ISNA(MATCH(A54,RATE_DATE,0)),"",IF(INDEX(NF_RATE_MEDIAN,MATCH(A54,RATE_DATE,0))="","",INDEX(NF_RATE_MEDIAN,MATCH(A54,RATE_DATE,0)))) -> 482.2 | C54: =IF(ISNA(MATCH(A54,RATE_DATE,0)),"missing memo",IF(INDEX(NF_RATE_MEDIAN,MATCH(A54,RATE_DATE,0))="","no median",""))
A55: =DATE(2025,1,1) -> 45658 | B55: =IF(ISNA(MATCH(A55,RATE_DATE,0)),"",IF(INDEX(NF_RATE_MEDIAN,MATCH(A55,RATE_DATE,0))="","",INDEX(NF_RATE_MEDIAN,MATCH(A55,RATE_DATE,0)))) -> 509.69 | C55: =IF(ISNA(MATCH(A55,RATE_DATE,0)),"missing memo",IF(INDEX(NF_RATE_MEDIAN,MATCH(A55,RATE_DATE,0))="","no median",""))
A56: =DATE(2025,7,1) -> 45839 | B56: =IF(ISNA(MATCH(A56,RATE_DATE,0)),"",IF(INDEX(NF_RATE_MEDIAN,MATCH(A56,RATE_DATE,0))="","",INDEX(NF_RATE_MEDIAN,MATCH(A56,RATE_DATE,0)))) -> 506.65 | C56: =IF(ISNA(MATCH(A56,RATE_DATE,0)),"missing memo",IF(INDEX(NF_RATE_MEDIAN,MATCH(A56,RATE_DATE,0))="","no median",""))
A57: =DATE(2026,1,1) -> 46023 | B57: =IF(ISNA(MATCH(A57,RATE_DATE,0)),"",IF(INDEX(NF_RATE_MEDIAN,MATCH(A57,RATE_DATE,0))="","",INDEX(NF_RATE_MEDIAN,MATCH(A57,RATE_DATE,0)))) -> 495.26 | C57: =IF(ISNA(MATCH(A57,RATE_DATE,0)),"missing memo",IF(INDEX(NF_RATE_MEDIAN,MATCH(A57,RATE_DATE,0))="","no median",""))
A59: Figure c (cost): median cost per patient day, each fiscal year plotted at July 1
A60: Fiscal year | B60: Plot date (July 1) | C60: Medicaid-heavy homes | D60: All facilities
A61: =INDEX(COST_FY,1) -> 2011 | B61: =DATE(INDEX(COST_FY,1),7,1) -> 40725 | C61: =INDEX(NF_COST_MCD_HEAVY,1) -> 287.76 | D61: =INDEX(NF_COST_ALL,1) -> 295.13
A62: =INDEX(COST_FY,2) -> 2012 | B62: =DATE(INDEX(COST_FY,2),7,1) -> 41091 | C62: =INDEX(NF_COST_MCD_HEAVY,2) -> 311.89 | D62: =INDEX(NF_COST_ALL,2) -> 314.68
A63: =INDEX(COST_FY,3) -> 2013 | B63: =DATE(INDEX(COST_FY,3),7,1) -> 41456 | C63: =INDEX(NF_COST_MCD_HEAVY,3) -> 322.2 | D63: =INDEX(NF_COST_ALL,3) -> 342.42
A64: =INDEX(COST_FY,4) -> 2014 | B64: =DATE(INDEX(COST_FY,4),7,1) -> 41821 | C64: =INDEX(NF_COST_MCD_HEAVY,4) -> 322.2 | D64: =INDEX(NF_COST_ALL,4) -> 344.19
A65: =INDEX(COST_FY,5) -> 2015 | B65: =DATE(INDEX(COST_FY,5),7,1) -> 42186 | C65: =INDEX(NF_COST_MCD_HEAVY,5) -> 322.1 | D65: =INDEX(NF_COST_ALL,5) -> 340.9
A66: =INDEX(COST_FY,6) -> 2016 | B66: =DATE(INDEX(COST_FY,6),7,1) -> 42552 | C66: =INDEX(NF_COST_MCD_HEAVY,6) -> 344.38 | D66: =INDEX(NF_COST_ALL,6) -> 358.8
A67: =INDEX(COST_FY,7) -> 2017 | B67: =DATE(INDEX(COST_FY,7),7,1) -> 42917 | C67: =INDEX(NF_COST_MCD_HEAVY,7) -> 356.1 | D67: =INDEX(NF_COST_ALL,7) -> 376.01
A68: =INDEX(COST_FY,8) -> 2018 | B68: =DATE(INDEX(COST_FY,8),7,1) -> 43282 | C68: =INDEX(NF_COST_MCD_HEAVY,8) -> 365.93 | D68: =INDEX(NF_COST_ALL,8) -> 380.99
A69: =INDEX(COST_FY,9) -> 2019 | B69: =DATE(INDEX(COST_FY,9),7,1) -> 43647 | C69: =INDEX(NF_COST_MCD_HEAVY,9) -> 373.25 | D69: =INDEX(NF_COST_ALL,9) -> 379.87
A70: =INDEX(COST_FY,10) -> 2020 | B70: =DATE(INDEX(COST_FY,10),7,1) -> 44013 | C70: =INDEX(NF_COST_MCD_HEAVY,10) -> 398.33 | D70: =INDEX(NF_COST_ALL,10) -> 428.4
A71: =INDEX(COST_FY,11) -> 2021 | B71: =DATE(INDEX(COST_FY,11),7,1) -> 44378 | C71: =INDEX(NF_COST_MCD_HEAVY,11) -> 423.44 | D71: =INDEX(NF_COST_ALL,11) -> 450.4
A72: =INDEX(COST_FY,12) -> 2022 | B72: =DATE(INDEX(COST_FY,12),7,1) -> 44743 | C72: =INDEX(NF_COST_MCD_HEAVY,12) -> 435.63 | D72: =INDEX(NF_COST_ALL,12) -> 459.47
A73: =INDEX(COST_FY,13) -> 2023 | B73: =DATE(INDEX(COST_FY,13),7,1) -> 45108 | C73: =INDEX(NF_COST_MCD_HEAVY,13) -> 461.79 | D73: =INDEX(NF_COST_ALL,13) -> 519.16
A75: Figure d: total waitlist days split at the benchmark
A76: Year | B76: Within the benchmark | C76: Excess | D76: Total waitlist days
A77: =INDEX(YEAR,1) -> 2017 | B77: =INDEX(WITHIN_DAYS,1) -> 61470 | C77: =INDEX(EXCESS_DAYS,1) -> 0 | D77: =INDEX(WL_DAYS,1) -> 61470
A78: =INDEX(YEAR,2) -> 2018 | B78: =INDEX(WITHIN_DAYS,2) -> 66091 | C78: =INDEX(EXCESS_DAYS,2) -> 0 | D78: =INDEX(WL_DAYS,2) -> 66091
A79: =INDEX(YEAR,3) -> 2019 | B79: =INDEX(WITHIN_DAYS,3) -> 67060 | C79: =INDEX(EXCESS_DAYS,3) -> 11851 | D79: =INDEX(WL_DAYS,3) -> 78911
A80: =INDEX(YEAR,4) -> 2020 | B80: =INDEX(WITHIN_DAYS,4) -> 57297 | C80: =INDEX(EXCESS_DAYS,4) -> 0 | D80: =INDEX(WL_DAYS,4) -> 57297
A81: =INDEX(YEAR,5) -> 2021 | B81: =INDEX(WITHIN_DAYS,5) -> 60050 | C81: =INDEX(EXCESS_DAYS,5) -> 0 | D81: =INDEX(WL_DAYS,5) -> 60050
A82: =INDEX(YEAR,6) -> 2022 | B82: =INDEX(WITHIN_DAYS,6) -> 51534 | C82: =INDEX(EXCESS_DAYS,6) -> 27027 | D82: =INDEX(WL_DAYS,6) -> 78561
A83: =INDEX(YEAR,7) -> 2023 | B83: =INDEX(WITHIN_DAYS,7) -> 50540 | C83: =INDEX(EXCESS_DAYS,7) -> 32557 | D83: =INDEX(WL_DAYS,7) -> 83097
A84: =INDEX(YEAR,8) -> 2024 | B84: =INDEX(WITHIN_DAYS,8) -> 43722 | C84: =INDEX(EXCESS_DAYS,8) -> 17154 | D84: =INDEX(WL_DAYS,8) -> 60876
A86: Figure g: schematic, no data (illustrative, not to scale).

Sheet WorkedExample
A1: WorkedExample: synthetic anchor with its own inputs (yellow, not linked to Inputs), same formula shapes as the model
A3: Setting | B3: Value
A4: Benchmark (days per patient) | B4: 14
A5: Test 1 threshold (points) | B5: 5
A7: Year | B7: Patients | C7: Days, case A (rising) | D7: Days, case B (falling) | E7: Days per patient, A | F7: Days per patient, B
A8: 1 | B8: 100 | C8: 1000 | D8: 2000 | E8: =C8/B8 -> 10 | F8: =D8/B8 -> 20
A9: 2 | B9: 100 | C9: 1400 | D9: 1400 | E9: =C9/B9 -> 14 | F9: =D9/B9 -> 14
A10: 3 | B10: 100 | C10: 2000 | D10: 1000 | E10: =C10/B10 -> 20 | F10: =D10/B10 -> 10
A12: Reason | B12: Counts, case C (tie) | C12: Counts, case D (no tie)
A13: No bed | B13: 5 | C13: 6
A14: Behavior | B14: 5 | C14: 5
A15: Special care | B15: 2 | C15: 2
A16: Financial | B16: 3 | C16: 3
A17: Guardianship | B17: 1 | C17: 1
A18: PASARR | B18: 0 | C18: 0
A19: Other | B19: 1 | C19: 1
A21: Test 1 row | B21: Drop, 2021 window (points) | C21: Drop, 2024 window (points)
A22: E1 | B22: 6 | C22: 6
A23: E2 | B23: 6 | C23: -2
A24: E3 | B24: -2 | C24: 6
A25: E4 | B25: -2 | C25: -2
A26: E5 | B26: 5 | C26: -2
A28: Case | B28: Item | C28: Computed | D28: Expected | E28: Match
A29: A | B29: Days per patient, year 1 | C29: =E8 -> 10 | D29: =10 -> 10 | E29: =IF(ABS(C29-D29)<0.000001,"match","MISMATCH") -> match
A30: A | B30: Days per patient, year 2 | C30: =E9 -> 14 | D30: =14 -> 14 | E30: =IF(ABS(C30-D30)<0.000001,"match","MISMATCH") -> match
A31: A | B31: Days per patient, year 3 | C31: =E10 -> 20 | D31: =20 -> 20 | E31: =IF(ABS(C31-D31)<0.000001,"match","MISMATCH") -> match
A32: A | B32: Signed gap, year 1 | C32: =E8-$B$4 -> -4 | D32: =-4 -> -4 | E32: =IF(ABS(C32-D32)<0.000001,"match","MISMATCH") -> match
A33: A | B33: Signed gap, year 2 | C33: =E9-$B$4 -> 0 | D33: =0 -> 0 | E33: =IF(ABS(C33-D33)<0.000001,"match","MISMATCH") -> match
A34: A | B34: Signed gap, year 3 | C34: =E10-$B$4 -> 6 | D34: =6 -> 6 | E34: =IF(ABS(C34-D34)<0.000001,"match","MISMATCH") -> match
A35: A | B35: Excess days, year 1 | C35: =MAX(0,C8-B8*$B$4) -> 0 | D35: =0 -> 0 | E35: =IF(ABS(C35-D35)<0.000001,"match","MISMATCH") -> match
A36: A | B36: Excess days, year 2 | C36: =MAX(0,C9-B9*$B$4) -> 0 | D36: =0 -> 0 | E36: =IF(ABS(C36-D36)<0.000001,"match","MISMATCH") -> match
A37: A | B37: Excess days, year 3 | C37: =MAX(0,C10-B10*$B$4) -> 600 | D37: =600 -> 600 | E37: =IF(ABS(C37-D37)<0.000001,"match","MISMATCH") -> match
A38: A | B38: Days within the benchmark, year 1 | C38: =C8-MAX(0,C8-B8*$B$4) -> 1000 | D38: =1000 -> 1000 | E38: =IF(ABS(C38-D38)<0.000001,"match","MISMATCH") -> match
A39: A | B39: Days within the benchmark, year 2 | C39: =C9-MAX(0,C9-B9*$B$4) -> 1400 | D39: =1400 -> 1400 | E39: =IF(ABS(C39-D39)<0.000001,"match","MISMATCH") -> match
A40: A | B40: Days within the benchmark, year 3 | C40: =C10-MAX(0,C10-B10*$B$4) -> 1400 | D40: =1400 -> 1400 | E40: =IF(ABS(C40-D40)<0.000001,"match","MISMATCH") -> match
A41: A | B41: Meets benchmark, year 1 | C41: =E8<=$B$4 -> TRUE | D41: =TRUE -> TRUE | E41: =IF(C41=D41,"match","MISMATCH") -> match
A42: A | B42: Meets benchmark, year 2 | C42: =E9<=$B$4 -> TRUE | D42: =TRUE -> TRUE | E42: =IF(C42=D42,"match","MISMATCH") -> match
A43: A | B43: Meets benchmark, year 3 | C43: =E10<=$B$4 -> FALSE | D43: =FALSE -> FALSE | E43: =IF(C43=D43,"match","MISMATCH") -> match
A44: A | B44: Slope of days per patient | C44: =SLOPE(E8:E10,A8:A10) -> 5 | D44: =5 -> 5 | E44: =IF(ABS(C44-D44)<0.000001,"match","MISMATCH") -> match
A45: A | B45: Test 2 verdict | C45: =IF(SLOPE(E8:E10,A8:A10)<0,"Met","Not met") -> Not met | D45: ="Not met" -> Not met | E45: =IF(C45=D45,"match","MISMATCH") -> match
A46: B | B46: Days per patient, year 1 | C46: =F8 -> 20 | D46: =20 -> 20 | E46: =IF(ABS(C46-D46)<0.000001,"match","MISMATCH") -> match
A47: B | B47: Days per patient, year 2 | C47: =F9 -> 14 | D47: =14 -> 14 | E47: =IF(ABS(C47-D47)<0.000001,"match","MISMATCH") -> match
A48: B | B48: Days per patient, year 3 | C48: =F10 -> 10 | D48: =10 -> 10 | E48: =IF(ABS(C48-D48)<0.000001,"match","MISMATCH") -> match
A49: B | B49: Slope of days per patient | C49: =SLOPE(F8:F10,A8:A10) -> -5 | D49: =-5 -> -5 | E49: =IF(ABS(C49-D49)<0.000001,"match","MISMATCH") -> match
A50: B | B50: Test 2 verdict | C50: =IF(SLOPE(F8:F10,A8:A10)<0,"Met","Not met") -> Met | D50: ="Met" -> Met | E50: =IF(C50=D50,"match","MISMATCH") -> match
A51: C | B51: Largest reason (tie) | C51: =IF((IF(B13=MAX(B13,B14,B15,B16,B17,B18,B19),1,0)+IF(B14=MAX(B13,B14,B15,B16,B17,B18,B19),1,0)+IF(B15=MAX(B13,B14,B15,B16,B17,B18,B19),1,0)+IF(B16=MAX(B13,B14,B15,B16,B17,B18,B19),1,0)+IF(B17=MAX(B13,B14,B15,B16,B17,B18,B19),1,0)+IF(B18=MAX(B13,B14,B15,B16,B17,B18,B19),1,0)+IF(B19=MAX(B13,B14,B15,B16,B17,B18,B19),1,0))>1,"Tie (none largest)",IF(B13=MAX(B13,B14,B15,B16,B17,B18,B19),"No bed",IF(B14=MAX(B13,B14,B15,B16,B17,B18,B19),"Behavior",IF(B15=MAX(B13,B14,B15,B16,B17,B18,B19),"Special care",IF(B16=MAX(B13,B14,B15,B16,B17,B18,B19),"Financial",IF(B17=MAX(B13,B14,B15,B16,B17,B18,B19),"Guardianship",IF(B18=MAX(B13,B14,B15,B16,B17,B18,B19),"PASARR",IF(B19=MAX(B13,B14,B15,B16,B17,B18,B19),"Other","?")))))))) -> Tie (none largest) | D51: ="Tie (none largest)" -> Tie (none largest) | E51: =IF(C51=D51,"match","MISMATCH") -> match
A52: D | B52: Largest reason (no tie) | C52: =IF((IF(C13=MAX(C13,C14,C15,C16,C17,C18,C19),1,0)+IF(C14=MAX(C13,C14,C15,C16,C17,C18,C19),1,0)+IF(C15=MAX(C13,C14,C15,C16,C17,C18,C19),1,0)+IF(C16=MAX(C13,C14,C15,C16,C17,C18,C19),1,0)+IF(C17=MAX(C13,C14,C15,C16,C17,C18,C19),1,0)+IF(C18=MAX(C13,C14,C15,C16,C17,C18,C19),1,0)+IF(C19=MAX(C13,C14,C15,C16,C17,C18,C19),1,0))>1,"Tie (none largest)",IF(C13=MAX(C13,C14,C15,C16,C17,C18,C19),"No bed",IF(C14=MAX(C13,C14,C15,C16,C17,C18,C19),"Behavior",IF(C15=MAX(C13,C14,C15,C16,C17,C18,C19),"Special care",IF(C16=MAX(C13,C14,C15,C16,C17,C18,C19),"Financial",IF(C17=MAX(C13,C14,C15,C16,C17,C18,C19),"Guardianship",IF(C18=MAX(C13,C14,C15,C16,C17,C18,C19),"PASARR",IF(C19=MAX(C13,C14,C15,C16,C17,C18,C19),"Other","?")))))))) -> No bed | D52: ="No bed" -> No bed | E52: =IF(C52=D52,"match","MISMATCH") -> match
A53: E | B53: Test 1 verdict, row E1 | C53: =IF(AND(NOT(B22>=$B$5),NOT(C22>=$B$5)),"Falsified",IF(AND(B22>=$B$5,NOT(C22>=$B$5)),"Not falsified; weak (rests on the COVID-confounded 2021 comparison)","Not falsified")) -> Not falsified | D53: ="Not falsified" -> Not falsified | E53: =IF(C53=D53,"match","MISMATCH") -> match
A54: E | B54: Test 1 verdict, row E2 | C54: =IF(AND(NOT(B23>=$B$5),NOT(C23>=$B$5)),"Falsified",IF(AND(B23>=$B$5,NOT(C23>=$B$5)),"Not falsified; weak (rests on the COVID-confounded 2021 comparison)","Not falsified")) -> Not falsified; weak (rests on the COVID-confounded 2021 comparison) | D54: ="Not falsified; weak (rests on the COVID-confounded 2021 comparison)" -> Not falsified; weak (rests on the COVID-confounded 2021 comparison) | E54: =IF(C54=D54,"match","MISMATCH") -> match
A55: E | B55: Test 1 verdict, row E3 | C55: =IF(AND(NOT(B24>=$B$5),NOT(C24>=$B$5)),"Falsified",IF(AND(B24>=$B$5,NOT(C24>=$B$5)),"Not falsified; weak (rests on the COVID-confounded 2021 comparison)","Not falsified")) -> Not falsified | D55: ="Not falsified" -> Not falsified | E55: =IF(C55=D55,"match","MISMATCH") -> match
A56: E | B56: Test 1 verdict, row E4 | C56: =IF(AND(NOT(B25>=$B$5),NOT(C25>=$B$5)),"Falsified",IF(AND(B25>=$B$5,NOT(C25>=$B$5)),"Not falsified; weak (rests on the COVID-confounded 2021 comparison)","Not falsified")) -> Falsified | D56: ="Falsified" -> Falsified | E56: =IF(C56=D56,"match","MISMATCH") -> match
A57: E | B57: Test 1 verdict, row E5 | C57: =IF(AND(NOT(B26>=$B$5),NOT(C26>=$B$5)),"Falsified",IF(AND(B26>=$B$5,NOT(C26>=$B$5)),"Not falsified; weak (rests on the COVID-confounded 2021 comparison)","Not falsified")) -> Not falsified; weak (rests on the COVID-confounded 2021 comparison) | D57: ="Not falsified; weak (rests on the COVID-confounded 2021 comparison)" -> Not falsified; weak (rests on the COVID-confounded 2021 comparison) | E57: =IF(C57=D57,"match","MISMATCH") -> match
B58: Rows matching | C58: =COUNTIF(E29:E57,"match") -> 29 | D58: =ROWS(E29:E57) -> 29
A60: Case E feeds the drops (in points) straight into the verdict formula; the share-to-drop step is covered by the regression anchors on Checks.

Sheet Checks
A1: Checks: regression anchors, invariants and error scans (spec Validation rules)
A3: Regression anchors (expected to change when an input is corrected; not part of ALL CHECKS)
A4: # | B4: Group | C4: Check | D4: Computed | E4: Expected | F4: Tolerance | G4: Result
A5: =1 -> 1 | B5: Anchor | C5: DAYS_PER_PT(2023) | D5: =INDEX(DAYS_PER_PT,MATCH(2023,YEAR,0)) -> 23.01856 | E5: =23.02 -> 23.02 | F5: =0.005 -> 0.005 | G5: =IF(AND(ISNUMBER(D5),ISNUMBER(E5)),IF(ABS(D5-E5)<=F5,"PASS","FAIL"),"FAIL") -> PASS
A6: =2 -> 2 | B6: Anchor | C6: DAYS_PER_PT(2024) | D6: =INDEX(DAYS_PER_PT,MATCH(2024,YEAR,0)) -> 19.492795 | E6: =19.49 -> 19.49 | F6: =0.005 -> 0.005 | G6: =IF(AND(ISNUMBER(D6),ISNUMBER(E6)),IF(ABS(D6-E6)<=F6,"PASS","FAIL"),"FAIL") -> PASS
A7: =3 -> 3 | B7: Anchor | C7: EXCESS_DAYS(2023) | D7: =INDEX(EXCESS_DAYS,MATCH(2023,YEAR,0)) -> 32557 | E7: =32557 -> 32557 | F7: =0.5 -> 0.5 | G7: =IF(AND(ISNUMBER(D7),ISNUMBER(E7)),IF(ABS(D7-E7)<=F7,"PASS","FAIL"),"FAIL") -> PASS
A8: =4 -> 4 | B8: Anchor | C8: EXCESS_DAYS(2024) | D8: =INDEX(EXCESS_DAYS,MATCH(2024,YEAR,0)) -> 17154 | E8: =17154 -> 17154 | F8: =0.5 -> 0.5 | G8: =IF(AND(ISNUMBER(D8),ISNUMBER(E8)),IF(ABS(D8-E8)<=F8,"PASS","FAIL"),"FAIL") -> PASS
A9: =5 -> 5 | B9: Anchor | C9: EXCESS_BEDS(2023) (365 days) | D9: =INDEX(EXCESS_BEDS,MATCH(2023,YEAR,0)) -> 89.19726 | E9: =89.2 -> 89.2 | F9: =0.05 -> 0.05 | G9: =IF(AND(ISNUMBER(D9),ISNUMBER(E9)),IF(ABS(D9-E9)<=F9,"PASS","FAIL"),"FAIL") -> PASS
A10: =6 -> 6 | B10: Anchor | C10: EXCESS_BEDS(2024) (366 days) | D10: =INDEX(EXCESS_BEDS,MATCH(2024,YEAR,0)) -> 46.868852 | E10: =46.9 -> 46.9 | F10: =0.05 -> 0.05 | G10: =IF(AND(ISNUMBER(D10),ISNUMBER(E10)),IF(ABS(D10-E10)<=F10,"PASS","FAIL"),"FAIL") -> PASS
A11: =7 -> 7 | B11: Anchor | C11: EXCESS_DAYS in 2017, 2018, 2020, 2021 (sum) | D11: =INDEX(EXCESS_DAYS,MATCH(2017,YEAR,0))+INDEX(EXCESS_DAYS,MATCH(2018,YEAR,0))+INDEX(EXCESS_DAYS,MATCH(2020,YEAR,0))+INDEX(EXCESS_DAYS,MATCH(2021,YEAR,0)) -> 0 | E11: =0 -> 0 | F11: =0 -> 0 | G11: =IF(AND(ISNUMBER(D11),ISNUMBER(E11)),IF(ABS(D11-E11)<=F11,"PASS","FAIL"),"FAIL") -> PASS
A12: =8 -> 8 | B12: Anchor | C12: GAP_PER_PT(2017) | D12: =INDEX(GAP_PER_PT,MATCH(2017,YEAR,0)) -> -4.0646517 | E12: =-4.06 -> -4.06 | F12: =0.005 -> 0.005 | G12: =IF(AND(ISNUMBER(D12),ISNUMBER(E12)),IF(ABS(D12-E12)<=F12,"PASS","FAIL"),"FAIL") -> PASS
A13: =9 -> 9 | B13: Anchor | C13: GAP_PER_PT(2024) | D13: =INDEX(GAP_PER_PT,MATCH(2024,YEAR,0)) -> 5.4927954 | E13: =5.49 -> 5.49 | F13: =0.005 -> 0.005 | G13: =IF(AND(ISNUMBER(D13),ISNUMBER(E13)),IF(ABS(D13-E13)<=F13,"PASS","FAIL"),"FAIL") -> PASS
A14: =10 -> 10 | B14: Anchor | C14: WL_RATE_AVG(2023) | D14: =INDEX(WL_RATE_AVG,1) -> 293.245 | E14: =293.245 -> 293.245 | F14: =0.0005 -> 0.0005 | G14: =IF(AND(ISNUMBER(D14),ISNUMBER(E14)),IF(ABS(D14-E14)<=F14,"PASS","FAIL"),"FAIL") -> PASS
A15: =11 -> 11 | B15: Anchor | C15: WL_RATE_AVG(2024) | D15: =INDEX(WL_RATE_AVG,2) -> 460.28 | E15: =460.28 -> 460.28 | F15: =0.005 -> 0.005 | G15: =IF(AND(ISNUMBER(D15),ISNUMBER(E15)),IF(ABS(D15-E15)<=F15,"PASS","FAIL"),"FAIL") -> PASS
A16: =12 -> 12 | B16: Anchor | C16: NET_COST_LO(2024) | D16: =INDEX(NET_COST_LO,2) -> 89.72 | E16: =89.72 -> 89.72 | F16: =0.005 -> 0.005 | G16: =IF(AND(ISNUMBER(D16),ISNUMBER(E16)),IF(ABS(D16-E16)<=F16,"PASS","FAIL"),"FAIL") -> PASS
A17: =13 -> 13 | B17: Anchor | C17: NET_COST_HI(2024) | D17: =INDEX(NET_COST_HI,2) -> 1009.72 | E17: =1009.72 -> 1009.72 | F17: =0.005 -> 0.005 | G17: =IF(AND(ISNUMBER(D17),ISNUMBER(E17)),IF(ABS(D17-E17)<=F17,"PASS","FAIL"),"FAIL") -> PASS
A18: =14 -> 14 | B18: Anchor | C18: EXCESS_COST_LO(2024) (about) | D18: =INDEX(EXCESS_COST_LO,2) -> 1539056.9 | E18: =1539057 -> 1539057 | F18: =0.5 -> 0.5 | G18: =IF(AND(ISNUMBER(D18),ISNUMBER(E18)),IF(ABS(D18-E18)<=F18,"PASS","FAIL"),"FAIL") -> PASS
A19: =15 -> 15 | B19: Anchor | C19: EXCESS_COST_HI(2024) (about) | D19: =INDEX(EXCESS_COST_HI,2) -> 17320737 | E19: =17320737 -> 17320737 | F19: =0.5 -> 0.5 | G19: =IF(AND(ISNUMBER(D19),ISNUMBER(E19)),IF(ABS(D19-E19)<=F19,"PASS","FAIL"),"FAIL") -> PASS
A20: =16 -> 16 | B20: Anchor | C20: NET_COST_LO_NOW | D20: =NET_COST_LO_NOW -> 63.24 | E20: =63.24 -> 63.24 | F20: =0.005 -> 0.005 | G20: =IF(AND(ISNUMBER(D20),ISNUMBER(E20)),IF(ABS(D20-E20)<=F20,"PASS","FAIL"),"FAIL") -> PASS
A21: =17 -> 17 | B21: Anchor | C21: NET_COST_HI_NOW | D21: =NET_COST_HI_NOW -> 983.24 | E21: =983.24 -> 983.24 | F21: =0.005 -> 0.005 | G21: =IF(AND(ISNUMBER(D21),ISNUMBER(E21)),IF(ABS(D21-E21)<=F21,"PASS","FAIL"),"FAIL") -> PASS
A22: =18 -> 18 | B22: Anchor | C22: WL_DAYS_CHANGE_2024 | D22: =WL_DAYS_CHANGE_2024 -> -0.26741038 | E22: =-0.267 -> -0.267 | F22: =0.0005 -> 0.0005 | G22: =IF(AND(ISNUMBER(D22),ISNUMBER(E22)),IF(ABS(D22-E22)<=F22,"PASS","FAIL"),"FAIL") -> PASS
A23: =19 -> 19 | B23: Anchor | C23: T1_DROP_2021 (points) | D23: =T1_DROP_2021*100 -> -1.9179894 | E23: =-1.92 -> -1.92 | F23: =0.005 -> 0.005 | G23: =IF(AND(ISNUMBER(D23),ISNUMBER(E23)),IF(ABS(D23-E23)<=F23,"PASS","FAIL"),"FAIL") -> PASS
A24: =20 -> 20 | B24: Anchor | C24: T1_DROP_2024 (points) | D24: =T1_DROP_2024*100 -> -11.121872 | E24: =-11.12 -> -11.12 | F24: =0.005 -> 0.005 | G24: =IF(AND(ISNUMBER(D24),ISNUMBER(E24)),IF(ABS(D24-E24)<=F24,"PASS","FAIL"),"FAIL") -> PASS
A25: =21 -> 21 | B25: Anchor | C25: T2_SLOPE (about) | D25: =T2_SLOPE -> 1.8814213 | E25: =1.88 -> 1.88 | F25: =0.005 -> 0.005 | G25: =IF(AND(ISNUMBER(D25),ISNUMBER(E25)),IF(ABS(D25-E25)<=F25,"PASS","FAIL"),"FAIL") -> PASS
A26: =22 -> 22 | B26: Anchor | C26: T3_YEARS | D26: =T3_YEARS -> 5 | E26: =5 -> 5 | F26: =0 -> 0 | G26: =IF(AND(ISNUMBER(D26),ISNUMBER(E26)),IF(ABS(D26-E26)<=F26,"PASS","FAIL"),"FAIL") -> PASS
A27: =23 -> 23 | B27: Anchor | C27: T3: no bed largest in each of 2017 to 2021 | D27: =AND(INDEX(LARGEST_REASON,MATCH(2017,YEAR,0))="No bed",INDEX(LARGEST_REASON,MATCH(2018,YEAR,0))="No bed",INDEX(LARGEST_REASON,MATCH(2019,YEAR,0))="No bed",INDEX(LARGEST_REASON,MATCH(2020,YEAR,0))="No bed",INDEX(LARGEST_REASON,MATCH(2021,YEAR,0))="No bed") -> TRUE | E27: =TRUE -> TRUE | F27: ="exact" -> exact | G27: =IF(D27=E27,"PASS","FAIL") -> PASS
A28: =24 -> 24 | B28: Anchor | C28: REASON_SUM(y) = DEC31_TOTAL(y), 2018 to 2024 | D28: =AND(INDEX(REASON_SUM,2)=INDEX(DEC31_TOTAL,2),INDEX(REASON_SUM,3)=INDEX(DEC31_TOTAL,3),INDEX(REASON_SUM,4)=INDEX(DEC31_TOTAL,4),INDEX(REASON_SUM,5)=INDEX(DEC31_TOTAL,5),INDEX(REASON_SUM,6)=INDEX(DEC31_TOTAL,6),INDEX(REASON_SUM,7)=INDEX(DEC31_TOTAL,7),INDEX(REASON_SUM,8)=INDEX(DEC31_TOTAL,8)) -> TRUE | E28: =TRUE -> TRUE | F28: ="exact" -> exact | G28: =IF(D28=E28,"PASS","FAIL") -> PASS
A29: =25 -> 25 | B29: Anchor | C29: REASON_SUM(2017) | D29: =INDEX(REASON_SUM,MATCH(2017,YEAR,0)) -> 120 | E29: =120 -> 120 | F29: =0 -> 0 | G29: =IF(AND(ISNUMBER(D29),ISNUMBER(E29)),IF(ABS(D29-E29)<=F29,"PASS","FAIL"),"FAIL") -> PASS
A30: =26 -> 26 | B30: Anchor | C30: DEC31_TOTAL(2017) | D30: =INDEX(DEC31_TOTAL,MATCH(2017,YEAR,0)) -> 157 | E30: =157 -> 157 | F30: =0 -> 0 | G30: =IF(AND(ISNUMBER(D30),ISNUMBER(E30)),IF(ABS(D30-E30)<=F30,"PASS","FAIL"),"FAIL") -> PASS
A31: =27 -> 27 | B31: Anchor | C31: KFF_COST_DAY x 0.15 (arithmetic on the input) | D31: =KFF_COST_DAY*0.15 -> 549.6 | E31: =549.6 -> 549.6 | F31: =0.005 -> 0.005 | G31: =IF(AND(ISNUMBER(D31),ISNUMBER(E31)),IF(ABS(D31-E31)<=F31,"PASS","FAIL"),"FAIL") -> PASS
A32: =28 -> 28 | B32: Anchor | C32: KFF_COST_DAY x 0.40 (arithmetic on the input) | D32: =KFF_COST_DAY*0.4 -> 1465.6 | E32: =1465.6 -> 1465.6 | F32: =0.005 -> 0.005 | G32: =IF(AND(ISNUMBER(D32),ISNUMBER(E32)),IF(ABS(D32-E32)<=F32,"PASS","FAIL"),"FAIL") -> PASS
A33: =29 -> 29 | B33: Anchor | C33: KFF_COST_DAY x 0.15 within rounding (to $10) of AVOID_COST_LO | D33: =KFF_COST_DAY*0.15 -> 549.6 | E33: =AVOID_COST_LO -> 550 | F33: =5 -> 5 | G33: =IF(AND(ISNUMBER(D33),ISNUMBER(E33)),IF(ABS(D33-E33)<=F33,"PASS","FAIL"),"FAIL") -> PASS
A34: =30 -> 30 | B34: Anchor | C34: KFF_COST_DAY x 0.40 within rounding (to $10) of AVOID_COST_HI | D34: =KFF_COST_DAY*0.4 -> 1465.6 | E34: =AVOID_COST_HI -> 1470 | F34: =5 -> 5 | G34: =IF(AND(ISNUMBER(D34),ISNUMBER(E34)),IF(ABS(D34-E34)<=F34,"PASS","FAIL"),"FAIL") -> PASS
A35: =31 -> 31 | B35: Anchor | C35: CAP_RATIO(2024) | D35: =INDEX(CAP_RATIO,MATCH(2024,YEAR,0)) -> 11.6922 | E35: =11.69 -> 11.69 | F35: =0.005 -> 0.005 | G35: =IF(AND(ISNUMBER(D35),ISNUMBER(E35)),IF(ABS(D35-E35)<=F35,"PASS","FAIL"),"FAIL") -> PASS
A36: =32 -> 32 | B36: Anchor | C36: CAP_RATIO_STAFF_2024 | D36: =CAP_RATIO_STAFF_2024 -> 7.5316544 | E36: =7.53 -> 7.53 | F36: =0.005 -> 0.005 | G36: =IF(AND(ISNUMBER(D36),ISNUMBER(E36)),IF(ABS(D36-E36)<=F36,"PASS","FAIL"),"FAIL") -> PASS
A37: =33 -> 33 | B37: Anchor | C37: T1_FIN_CHANGE_2021 | D37: =T1_FIN_CHANGE_2021 -> 13 | E37: =13 -> 13 | F37: =0 -> 0 | G37: =IF(AND(ISNUMBER(D37),ISNUMBER(E37)),IF(ABS(D37-E37)<=F37,"PASS","FAIL"),"FAIL") -> PASS
A38: =34 -> 34 | B38: Anchor | C38: T1_OTHER_CHANGE_2021 | D38: =T1_OTHER_CHANGE_2021 -> 32 | E38: =32 -> 32 | F38: =0 -> 0 | G38: =IF(AND(ISNUMBER(D38),ISNUMBER(E38)),IF(ABS(D38-E38)<=F38,"PASS","FAIL"),"FAIL") -> PASS
A39: =35 -> 35 | B39: Anchor | C39: T1_FIN_CHANGE_2024 | D39: =T1_FIN_CHANGE_2024 -> 15 | E39: =15 -> 15 | F39: =0 -> 0 | G39: =IF(AND(ISNUMBER(D39),ISNUMBER(E39)),IF(ABS(D39-E39)<=F39,"PASS","FAIL"),"FAIL") -> PASS
A40: =36 -> 36 | B40: Anchor | C40: T1_OTHER_CHANGE_2024 | D40: =T1_OTHER_CHANGE_2024 -> -33 | E40: =-33 -> -33 | F40: =0 -> 0 | G40: =IF(AND(ISNUMBER(D40),ISNUMBER(E40)),IF(ABS(D40-E40)<=F40,"PASS","FAIL"),"FAIL") -> PASS
A41: =37 -> 37 | B41: Anchor | C41: RATE_GROWTH_2024_2026 | D41: =RATE_GROWTH_2024_2026 -> 0.013840669 | E41: =0.0138 -> 0.0138 | F41: =0.00005 -> 5e-05 | G41: =IF(AND(ISNUMBER(D41),ISNUMBER(E41)),IF(ABS(D41-E41)<=F41,"PASS","FAIL"),"FAIL") -> PASS
A42: =38 -> 38 | B42: Anchor | C42: COST_FWD(2026) | D42: =INDEX(COST_FWD,3) -> 506.08014 | E42: =506.08 -> 506.08 | F42: =0.005 -> 0.005 | G42: =IF(AND(ISNUMBER(D42),ISNUMBER(E42)),IF(ABS(D42-E42)<=F42,"PASS","FAIL"),"FAIL") -> PASS
A43: =39 -> 39 | B43: Anchor | C43: COST_FWD(2027) | D43: =INDEX(COST_FWD,4) -> 522.78078 | E43: =522.78 -> 522.78 | F43: =0.005 -> 0.005 | G43: =IF(AND(ISNUMBER(D43),ISNUMBER(E43)),IF(ABS(D43-E43)<=F43,"PASS","FAIL"),"FAIL") -> PASS
A44: =40 -> 40 | B44: Anchor | C44: COND_A_GAP(2026) | D44: =INDEX(COND_A_GAP,1) -> 0.02138029 | E44: =0.0214 -> 0.0214 | F44: =0.00005 -> 5e-05 | G44: =IF(AND(ISNUMBER(D44),ISNUMBER(E44)),IF(ABS(D44-E44)<=F44,"PASS","FAIL"),"FAIL") -> PASS
A45: =41 -> 41 | B45: Anchor | C45: COND_A_GAP(2027) | D45: =INDEX(COND_A_GAP,2) -> 0.039531016 | E45: =0.0395 -> 0.0395 | F45: =0.00005 -> 5e-05 | G45: =IF(AND(ISNUMBER(D45),ISNUMBER(E45)),IF(ABS(D45-E45)<=F45,"PASS","FAIL"),"FAIL") -> PASS
A47: Invariants (must pass for any inputs; part of ALL CHECKS)
A48: # | B48: Group | C48: Check | D48: Computed | E48: Expected | F48: Tolerance | G48: Result
A49: =1 -> 1 | B49: I1 | C49: The seven SHARE_ values sum to 1, every year | D49: =AND(ABS(INDEX(SHARE_NO_BED,1)+INDEX(SHARE_BEHAVIOR,1)+INDEX(SHARE_SPECIAL_CARE,1)+INDEX(SHARE_FINANCIAL,1)+INDEX(SHARE_GUARDIANSHIP,1)+INDEX(SHARE_PASARR,1)+INDEX(SHARE_OTHER,1)-1)<=0.000001,ABS(INDEX(SHARE_NO_BED,2)+INDEX(SHARE_BEHAVIOR,2)+INDEX(SHARE_SPECIAL_CARE,2)+INDEX(SHARE_FINANCIAL,2)+INDEX(SHARE_GUARDIANSHIP,2)+INDEX(SHARE_PASARR,2)+INDEX(SHARE_OTHER,2)-1)<=0.000001,ABS(INDEX(SHARE_NO_BED,3)+INDEX(SHARE_BEHAVIOR,3)+INDEX(SHARE_SPECIAL_CARE,3)+INDEX(SHARE_FINANCIAL,3)+INDEX(SHARE_GUARDIANSHIP,3)+INDEX(SHARE_PASARR,3)+INDEX(SHARE_OTHER,3)-1)<=0.000001,ABS(INDEX(SHARE_NO_BED,4)+INDEX(SHARE_BEHAVIOR,4)+INDEX(SHARE_SPECIAL_CARE,4)+INDEX(SHARE_FINANCIAL,4)+INDEX(SHARE_GUARDIANSHIP,4)+INDEX(SHARE_PASARR,4)+INDEX(SHARE_OTHER,4)-1)<=0.000001,ABS(INDEX(SHARE_NO_BED,5)+INDEX(SHARE_BEHAVIOR,5)+INDEX(SHARE_SPECIAL_CARE,5)+INDEX(SHARE_FINANCIAL,5)+INDEX(SHARE_GUARDIANSHIP,5)+INDEX(SHARE_PASARR,5)+INDEX(SHARE_OTHER,5)-1)<=0.000001,ABS(INDEX(SHARE_NO_BED,6)+INDEX(SHARE_BEHAVIOR,6)+INDEX(SHARE_SPECIAL_CARE,6)+INDEX(SHARE_FINANCIAL,6)+INDEX(SHARE_GUARDIANSHIP,6)+INDEX(SHARE_PASARR,6)+INDEX(SHARE_OTHER,6)-1)<=0.000001,ABS(INDEX(SHARE_NO_BED,7)+INDEX(SHARE_BEHAVIOR,7)+INDEX(SHARE_SPECIAL_CARE,7)+INDEX(SHARE_FINANCIAL,7)+INDEX(SHARE_GUARDIANSHIP,7)+INDEX(SHARE_PASARR,7)+INDEX(SHARE_OTHER,7)-1)<=0.000001,ABS(INDEX(SHARE_NO_BED,8)+INDEX(SHARE_BEHAVIOR,8)+INDEX(SHARE_SPECIAL_CARE,8)+INDEX(SHARE_FINANCIAL,8)+INDEX(SHARE_GUARDIANSHIP,8)+INDEX(SHARE_PASARR,8)+INDEX(SHARE_OTHER,8)-1)<=0.000001) -> TRUE | E49: =TRUE -> TRUE | F49: ="exact" -> exact | G49: =IF(D49=E49,"PASS","FAIL") -> PASS
A50: =2 -> 2 | B50: I2 | C50: WITHIN_DAYS + EXCESS_DAYS = WL_DAYS, every year | D50: =AND(ABS(INDEX(WITHIN_DAYS,1)+INDEX(EXCESS_DAYS,1)-INDEX(WL_DAYS,1))<=0.000001,ABS(INDEX(WITHIN_DAYS,2)+INDEX(EXCESS_DAYS,2)-INDEX(WL_DAYS,2))<=0.000001,ABS(INDEX(WITHIN_DAYS,3)+INDEX(EXCESS_DAYS,3)-INDEX(WL_DAYS,3))<=0.000001,ABS(INDEX(WITHIN_DAYS,4)+INDEX(EXCESS_DAYS,4)-INDEX(WL_DAYS,4))<=0.000001,ABS(INDEX(WITHIN_DAYS,5)+INDEX(EXCESS_DAYS,5)-INDEX(WL_DAYS,5))<=0.000001,ABS(INDEX(WITHIN_DAYS,6)+INDEX(EXCESS_DAYS,6)-INDEX(WL_DAYS,6))<=0.000001,ABS(INDEX(WITHIN_DAYS,7)+INDEX(EXCESS_DAYS,7)-INDEX(WL_DAYS,7))<=0.000001,ABS(INDEX(WITHIN_DAYS,8)+INDEX(EXCESS_DAYS,8)-INDEX(WL_DAYS,8))<=0.000001) -> TRUE | E50: =TRUE -> TRUE | F50: ="exact" -> exact | G50: =IF(D50=E50,"PASS","FAIL") -> PASS
A51: =3 -> 3 | B51: I3 | C51: EXCESS_DAYS = MAX(0, GAP_PER_PT x WL_PATIENTS), every year (covers 2019 and 2022) | D51: =AND(ABS(INDEX(EXCESS_DAYS,1)-MAX(0,INDEX(GAP_PER_PT,1)*INDEX(WL_PATIENTS,1)))<=0.000001,ABS(INDEX(EXCESS_DAYS,2)-MAX(0,INDEX(GAP_PER_PT,2)*INDEX(WL_PATIENTS,2)))<=0.000001,ABS(INDEX(EXCESS_DAYS,3)-MAX(0,INDEX(GAP_PER_PT,3)*INDEX(WL_PATIENTS,3)))<=0.000001,ABS(INDEX(EXCESS_DAYS,4)-MAX(0,INDEX(GAP_PER_PT,4)*INDEX(WL_PATIENTS,4)))<=0.000001,ABS(INDEX(EXCESS_DAYS,5)-MAX(0,INDEX(GAP_PER_PT,5)*INDEX(WL_PATIENTS,5)))<=0.000001,ABS(INDEX(EXCESS_DAYS,6)-MAX(0,INDEX(GAP_PER_PT,6)*INDEX(WL_PATIENTS,6)))<=0.000001,ABS(INDEX(EXCESS_DAYS,7)-MAX(0,INDEX(GAP_PER_PT,7)*INDEX(WL_PATIENTS,7)))<=0.000001,ABS(INDEX(EXCESS_DAYS,8)-MAX(0,INDEX(GAP_PER_PT,8)*INDEX(WL_PATIENTS,8)))<=0.000001) -> TRUE | E51: =TRUE -> TRUE | F51: ="exact" -> exact | G51: =IF(D51=E51,"PASS","FAIL") -> PASS
A52: =4 -> 4 | B52: I4 | C52: County CTY_DAYS sum to WL_DAYS, 2023 and 2024 | D52: =AND(ABS(INDEX(CTY_DAYS,1,1)+INDEX(CTY_DAYS,2,1)+INDEX(CTY_DAYS,3,1)+INDEX(CTY_DAYS,4,1)-INDEX(WL_DAYS,MATCH(2023,YEAR,0)))<=0.000001,ABS(INDEX(CTY_DAYS,1,2)+INDEX(CTY_DAYS,2,2)+INDEX(CTY_DAYS,3,2)+INDEX(CTY_DAYS,4,2)-INDEX(WL_DAYS,MATCH(2024,YEAR,0)))<=0.000001) -> TRUE | E52: =TRUE -> TRUE | F52: ="exact" -> exact | G52: =IF(D52=E52,"PASS","FAIL") -> PASS
A53: =5 -> 5 | B53: I5 | C53: County CTY_DAY_SHARE sum to 1, 2023 and 2024 | D53: =AND(ABS(INDEX(CTY_DAY_SHARE,1,1)+INDEX(CTY_DAY_SHARE,2,1)+INDEX(CTY_DAY_SHARE,3,1)+INDEX(CTY_DAY_SHARE,4,1)-1)<=0.000001,ABS(INDEX(CTY_DAY_SHARE,1,2)+INDEX(CTY_DAY_SHARE,2,2)+INDEX(CTY_DAY_SHARE,3,2)+INDEX(CTY_DAY_SHARE,4,2)-1)<=0.000001) -> TRUE | E53: =TRUE -> TRUE | F53: ="exact" -> exact | G53: =IF(D53=E53,"PASS","FAIL") -> PASS
A54: =6 -> 6 | B54: I6 | C54: T2_SLOPE = least-squares slope written out by hand, 2017 to 2023 | D54: =((INDEX(YEAR,1)-AVERAGE(INDEX(YEAR,1):INDEX(YEAR,7)))*(INDEX(DAYS_PER_PT,1)-AVERAGE(INDEX(DAYS_PER_PT,1):INDEX(DAYS_PER_PT,7)))+(INDEX(YEAR,2)-AVERAGE(INDEX(YEAR,1):INDEX(YEAR,7)))*(INDEX(DAYS_PER_PT,2)-AVERAGE(INDEX(DAYS_PER_PT,1):INDEX(DAYS_PER_PT,7)))+(INDEX(YEAR,3)-AVERAGE(INDEX(YEAR,1):INDEX(YEAR,7)))*(INDEX(DAYS_PER_PT,3)-AVERAGE(INDEX(DAYS_PER_PT,1):INDEX(DAYS_PER_PT,7)))+(INDEX(YEAR,4)-AVERAGE(INDEX(YEAR,1):INDEX(YEAR,7)))*(INDEX(DAYS_PER_PT,4)-AVERAGE(INDEX(DAYS_PER_PT,1):INDEX(DAYS_PER_PT,7)))+(INDEX(YEAR,5)-AVERAGE(INDEX(YEAR,1):INDEX(YEAR,7)))*(INDEX(DAYS_PER_PT,5)-AVERAGE(INDEX(DAYS_PER_PT,1):INDEX(DAYS_PER_PT,7)))+(INDEX(YEAR,6)-AVERAGE(INDEX(YEAR,1):INDEX(YEAR,7)))*(INDEX(DAYS_PER_PT,6)-AVERAGE(INDEX(DAYS_PER_PT,1):INDEX(DAYS_PER_PT,7)))+(INDEX(YEAR,7)-AVERAGE(INDEX(YEAR,1):INDEX(YEAR,7)))*(INDEX(DAYS_PER_PT,7)-AVERAGE(INDEX(DAYS_PER_PT,1):INDEX(DAYS_PER_PT,7))))/((INDEX(YEAR,1)-AVERAGE(INDEX(YEAR,1):INDEX(YEAR,7)))^2+(INDEX(YEAR,2)-AVERAGE(INDEX(YEAR,1):INDEX(YEAR,7)))^2+(INDEX(YEAR,3)-AVERAGE(INDEX(YEAR,1):INDEX(YEAR,7)))^2+(INDEX(YEAR,4)-AVERAGE(INDEX(YEAR,1):INDEX(YEAR,7)))^2+(INDEX(YEAR,5)-AVERAGE(INDEX(YEAR,1):INDEX(YEAR,7)))^2+(INDEX(YEAR,6)-AVERAGE(INDEX(YEAR,1):INDEX(YEAR,7)))^2+(INDEX(YEAR,7)-AVERAGE(INDEX(YEAR,1):INDEX(YEAR,7)))^2) -> 1.8814213 | E54: =T2_SLOPE -> 1.8814213 | F54: =0.000001 -> 1e-06 | G54: =IF(AND(ISNUMBER(D54),ISNUMBER(E54)),IF(ABS(D54-E54)<=F54,"PASS","FAIL"),"FAIL") -> PASS
A55: =7 -> 7 | B55: I7 | C55: T3_YEARS recomputed from the counts (no bed above each other reason) | D55: =IF(AND(INDEX(REASON_NO_BED,1)>INDEX(REASON_BEHAVIOR,1),INDEX(REASON_NO_BED,1)>INDEX(REASON_SPECIAL_CARE,1),INDEX(REASON_NO_BED,1)>INDEX(REASON_FINANCIAL,1),INDEX(REASON_NO_BED,1)>INDEX(REASON_GUARDIANSHIP,1),INDEX(REASON_NO_BED,1)>INDEX(REASON_PASARR,1),INDEX(REASON_NO_BED,1)>INDEX(REASON_OTHER,1)),1,0)+IF(AND(INDEX(REASON_NO_BED,2)>INDEX(REASON_BEHAVIOR,2),INDEX(REASON_NO_BED,2)>INDEX(REASON_SPECIAL_CARE,2),INDEX(REASON_NO_BED,2)>INDEX(REASON_FINANCIAL,2),INDEX(REASON_NO_BED,2)>INDEX(REASON_GUARDIANSHIP,2),INDEX(REASON_NO_BED,2)>INDEX(REASON_PASARR,2),INDEX(REASON_NO_BED,2)>INDEX(REASON_OTHER,2)),1,0)+IF(AND(INDEX(REASON_NO_BED,3)>INDEX(REASON_BEHAVIOR,3),INDEX(REASON_NO_BED,3)>INDEX(REASON_SPECIAL_CARE,3),INDEX(REASON_NO_BED,3)>INDEX(REASON_FINANCIAL,3),INDEX(REASON_NO_BED,3)>INDEX(REASON_GUARDIANSHIP,3),INDEX(REASON_NO_BED,3)>INDEX(REASON_PASARR,3),INDEX(REASON_NO_BED,3)>INDEX(REASON_OTHER,3)),1,0)+IF(AND(INDEX(REASON_NO_BED,4)>INDEX(REASON_BEHAVIOR,4),INDEX(REASON_NO_BED,4)>INDEX(REASON_SPECIAL_CARE,4),INDEX(REASON_NO_BED,4)>INDEX(REASON_FINANCIAL,4),INDEX(REASON_NO_BED,4)>INDEX(REASON_GUARDIANSHIP,4),INDEX(REASON_NO_BED,4)>INDEX(REASON_PASARR,4),INDEX(REASON_NO_BED,4)>INDEX(REASON_OTHER,4)),1,0)+IF(AND(INDEX(REASON_NO_BED,5)>INDEX(REASON_BEHAVIOR,5),INDEX(REASON_NO_BED,5)>INDEX(REASON_SPECIAL_CARE,5),INDEX(REASON_NO_BED,5)>INDEX(REASON_FINANCIAL,5),INDEX(REASON_NO_BED,5)>INDEX(REASON_GUARDIANSHIP,5),INDEX(REASON_NO_BED,5)>INDEX(REASON_PASARR,5),INDEX(REASON_NO_BED,5)>INDEX(REASON_OTHER,5)),1,0)+IF(AND(INDEX(REASON_NO_BED,6)>INDEX(REASON_BEHAVIOR,6),INDEX(REASON_NO_BED,6)>INDEX(REASON_SPECIAL_CARE,6),INDEX(REASON_NO_BED,6)>INDEX(REASON_FINANCIAL,6),INDEX(REASON_NO_BED,6)>INDEX(REASON_GUARDIANSHIP,6),INDEX(REASON_NO_BED,6)>INDEX(REASON_PASARR,6),INDEX(REASON_NO_BED,6)>INDEX(REASON_OTHER,6)),1,0)+IF(AND(INDEX(REASON_NO_BED,7)>INDEX(REASON_BEHAVIOR,7),INDEX(REASON_NO_BED,7)>INDEX(REASON_SPECIAL_CARE,7),INDEX(REASON_NO_BED,7)>INDEX(REASON_FINANCIAL,7),INDEX(REASON_NO_BED,7)>INDEX(REASON_GUARDIANSHIP,7),INDEX(REASON_NO_BED,7)>INDEX(REASON_PASARR,7),INDEX(REASON_NO_BED,7)>INDEX(REASON_OTHER,7)),1,0)+IF(AND(INDEX(REASON_NO_BED,8)>INDEX(REASON_BEHAVIOR,8),INDEX(REASON_NO_BED,8)>INDEX(REASON_SPECIAL_CARE,8),INDEX(REASON_NO_BED,8)>INDEX(REASON_FINANCIAL,8),INDEX(REASON_NO_BED,8)>INDEX(REASON_GUARDIANSHIP,8),INDEX(REASON_NO_BED,8)>INDEX(REASON_PASARR,8),INDEX(REASON_NO_BED,8)>INDEX(REASON_OTHER,8)),1,0) -> 5 | E55: =T3_YEARS -> 5 | F55: =0 -> 0 | G55: =IF(AND(ISNUMBER(D55),ISNUMBER(E55)),IF(ABS(D55-E55)<=F55,"PASS","FAIL"),"FAIL") -> PASS
A56: =8 -> 8 | B56: I8 | C56: MEETS_BENCH is TRUE exactly when GAP_PER_PT <= 0, every year | D56: =AND(INDEX(MEETS_BENCH,1)=(INDEX(GAP_PER_PT,1)<=0),INDEX(MEETS_BENCH,2)=(INDEX(GAP_PER_PT,2)<=0),INDEX(MEETS_BENCH,3)=(INDEX(GAP_PER_PT,3)<=0),INDEX(MEETS_BENCH,4)=(INDEX(GAP_PER_PT,4)<=0),INDEX(MEETS_BENCH,5)=(INDEX(GAP_PER_PT,5)<=0),INDEX(MEETS_BENCH,6)=(INDEX(GAP_PER_PT,6)<=0),INDEX(MEETS_BENCH,7)=(INDEX(GAP_PER_PT,7)<=0),INDEX(MEETS_BENCH,8)=(INDEX(GAP_PER_PT,8)<=0)) -> TRUE | E56: =TRUE -> TRUE | F56: ="exact" -> exact | G56: =IF(D56=E56,"PASS","FAIL") -> PASS
A57: =9 -> 9 | B57: I9 | C57: Every WorkedExample row reads "match" | D57: =COUNTIF(WorkedExample!E29:E57,"match") -> 29 | E57: =ROWS(WorkedExample!E29:E57) -> 29 | F57: =0 -> 0 | G57: =IF(AND(ISNUMBER(D57),ISNUMBER(E57)),IF(ABS(D57-E57)<=F57,"PASS","FAIL"),"FAIL") -> PASS
A59: Error scans (count of error values in each sheet's used range; part of ALL CHECKS)
A60: # | B60: Group | C60: Check | D60: Computed | E60: Expected | F60: Tolerance | G60: Result
A61: =1 -> 1 | B61: Error scan | C61: No error values: Inputs (A1:S84) | D61: =SUMPRODUCT(--ISERROR(Inputs!A1:S84)) -> 0 | E61: =0 -> 0 | F61: =0 -> 0 | G61: =IF(AND(ISNUMBER(D61),ISNUMBER(E61)),IF(ABS(D61-E61)<=F61,"PASS","FAIL"),"FAIL") -> PASS
A62: =2 -> 2 | B62: Error scan | C62: No error values: Waitlist (A1:V19) | D62: =SUMPRODUCT(--ISERROR(Waitlist!A1:V19)) -> 0 | E62: =0 -> 0 | F62: =0 -> 0 | G62: =IF(AND(ISNUMBER(D62),ISNUMBER(E62)),IF(ABS(D62-E62)<=F62,"PASS","FAIL"),"FAIL") -> PASS
A63: =3 -> 3 | B63: Error scan | C63: No error values: Cost (A1:F19) | D63: =SUMPRODUCT(--ISERROR(Cost!A1:F19)) -> 0 | E63: =0 -> 0 | F63: =0 -> 0 | G63: =IF(AND(ISNUMBER(D63),ISNUMBER(E63)),IF(ABS(D63-E63)<=F63,"PASS","FAIL"),"FAIL") -> PASS
A64: =4 -> 4 | B64: Error scan | C64: No error values: Tests (A1:F41) | D64: =SUMPRODUCT(--ISERROR(Tests!A1:F41)) -> 0 | E64: =0 -> 0 | F64: =0 -> 0 | G64: =IF(AND(ISNUMBER(D64),ISNUMBER(E64)),IF(ABS(D64-E64)<=F64,"PASS","FAIL"),"FAIL") -> PASS
A65: =5 -> 5 | B65: Error scan | C65: No error values: County (A1:F12) | D65: =SUMPRODUCT(--ISERROR(County!A1:F12)) -> 0 | E65: =0 -> 0 | F65: =0 -> 0 | G65: =IF(AND(ISNUMBER(D65),ISNUMBER(E65)),IF(ABS(D65-E65)<=F65,"PASS","FAIL"),"FAIL") -> PASS
A66: =6 -> 6 | B66: Error scan | C66: No error values: Capacity (A1:E22) | D66: =SUMPRODUCT(--ISERROR(Capacity!A1:E22)) -> 0 | E66: =0 -> 0 | F66: =0 -> 0 | G66: =IF(AND(ISNUMBER(D66),ISNUMBER(E66)),IF(ABS(D66-E66)<=F66,"PASS","FAIL"),"FAIL") -> PASS
A67: =7 -> 7 | B67: Error scan | C67: No error values: Conditions (A1:F17) | D67: =SUMPRODUCT(--ISERROR(Conditions!A1:F17)) -> 0 | E67: =0 -> 0 | F67: =0 -> 0 | G67: =IF(AND(ISNUMBER(D67),ISNUMBER(E67)),IF(ABS(D67-E67)<=F67,"PASS","FAIL"),"FAIL") -> PASS
A68: =8 -> 8 | B68: Error scan | C68: No error values: FigureData (A1:J88) | D68: =SUMPRODUCT(--ISERROR(FigureData!A1:J88)) -> 0 | E68: =0 -> 0 | F68: =0 -> 0 | G68: =IF(AND(ISNUMBER(D68),ISNUMBER(E68)),IF(ABS(D68-E68)<=F68,"PASS","FAIL"),"FAIL") -> PASS
A69: =9 -> 9 | B69: Error scan | C69: No error values: WorkedExample (A1:G62) | D69: =SUMPRODUCT(--ISERROR(WorkedExample!A1:G62)) -> 0 | E69: =0 -> 0 | F69: =0 -> 0 | G69: =IF(AND(ISNUMBER(D69),ISNUMBER(E69)),IF(ABS(D69-E69)<=F69,"PASS","FAIL"),"FAIL") -> PASS
A70: =10 -> 10 | B70: Error scan | C70: No error values: Checks (rows 1 to 69, above this row) | D70: =SUMPRODUCT(--ISERROR(A1:G69)) -> 0 | E70: =0 -> 0 | F70: =0 -> 0 | G70: =IF(AND(ISNUMBER(D70),ISNUMBER(E70)),IF(ABS(D70-E70)<=F70,"PASS","FAIL"),"FAIL") -> PASS
C72: ALL CHECKS (invariants and error scans) | D72: =IF(AND(COUNTIF(G49:G57,"FAIL")+COUNTIF(G61:G70,"FAIL")=0,COUNTIF(G49:G57,"PASS")+COUNTIF(G61:G70,"PASS")=19),"ALL PASS","REVIEW") -> ALL PASS
C73: Anchors matching | D73: =COUNTIF(G5:G45,"PASS") -> 41 | E73: ="of "&ROWS(G5:G45) -> of 41
A75: Anchor tolerance = half a unit of the spec's shown precision; invariant tolerance 1e-6. Checked outside the workbook by script (spec Audit findings): every calculated cell is a formula; every spec name exists as an absolute defined name and no others; every input cell is yellow and no calculated cell is.
